"visit_date","category","gender","counts","sales"
201901,간이주점,남성,164960,8639897141
201901,간이주점,여성,95318,3796381243
201901,고기요리,남성,278892,18752384343
201901,고기요리,여성,184452,11452862145
201901,닭/오리요리,남성,280099,7725315796
201901,닭/오리요리,여성,226661,5923213256
201901,별식/퓨전요리,남성,70056,1911606165
201901,별식/퓨전요리,여성,55110,1593174389
201901,부페,남성,16289,761079960
201901,부페,여성,10656,669647172
201901,분식,남성,377590,7581858851
201901,분식,여성,377609,7049165206
201901,양식,남성,131181,5184065080
201901,양식,여성,146329,5160893848
201901,유흥주점,남성,106887,21480318650
201901,유흥주점,여성,41901,4321598032
201901,일식/수산물,남성,317924,22185918454
201901,일식/수산물,여성,256830,16595668337
201901,제과/제빵/떡/케익,남성,301569,4586163702
201901,제과/제빵/떡/케익,여성,435597,6362328878
201901,중식,남성,185310,5210577237
201901,중식,여성,115692,3455772541
201901,커피/음료,남성,580084,7886700466
201901,커피/음료,여성,764270,10449905373
201901,패스트푸드,남성,331173,4346954534
201901,패스트푸드,여성,337664,4344870629
201901,한식,남성,1389967,58162673742
201901,한식,여성,996802,38354034233
201902,간이주점,남성,155012,8206353989
201902,간이주점,여성,87171,3437692290
201902,고기요리,남성,248620,17053955641
201902,고기요리,여성,160997,10498642911
201902,닭/오리요리,남성,238621,6759813720
201902,닭/오리요리,여성,187086,4960407903
201902,별식/퓨전요리,남성,53934,1554054431
201902,별식/퓨전요리,여성,44450,1273080013
201902,부페,남성,13094,617340898
201902,부페,여성,8524,527648961
201902,분식,남성,347818,7232481303
201902,분식,여성,331199,6232701252
201902,양식,남성,122695,5092709543
201902,양식,여성,130890,4634058707
201902,유흥주점,남성,102731,19815074549
201902,유흥주점,여성,42799,4056393192
201902,일식/수산물,남성,290819,20535608041
201902,일식/수산물,여성,226681,14561389692
201902,제과/제빵/떡/케익,남성,275225,4467187942
201902,제과/제빵/떡/케익,여성,380319,6048032007
201902,중식,남성,166071,5008637416
201902,중식,여성,101952,3035714642
201902,커피/음료,남성,567039,8080541749
201902,커피/음료,여성,700006,9709028116
201902,패스트푸드,남성,305176,4083346570
201902,패스트푸드,여성,291289,3714479721
201902,한식,남성,1227330,53029953197
201902,한식,여성,857533,33503165799
201903,간이주점,남성,164349,8818097821
201903,간이주점,여성,91997,3796745869
201903,고기요리,남성,267614,17527536296
201903,고기요리,여성,178862,11044914362
201903,닭/오리요리,남성,262741,7517771428
201903,닭/오리요리,여성,210464,5469676637
201903,별식/퓨전요리,남성,62873,1842751079
201903,별식/퓨전요리,여성,50863,1450734064
201903,부페,남성,16304,732974137
201903,부페,여성,10411,583522150
201903,분식,남성,374523,7033964679
201903,분식,여성,377337,6583628996
201903,양식,남성,130460,4975001096
201903,양식,여성,141230,4834436547
201903,유흥주점,남성,116468,23869236774
201903,유흥주점,여성,49774,4896031151
201903,일식/수산물,남성,311609,21149207199
201903,일식/수산물,여성,260765,16472136430
201903,제과/제빵/떡/케익,남성,306937,4615104307
201903,제과/제빵/떡/케익,여성,443517,6549829715
201903,중식,남성,193256,5418115265
201903,중식,여성,120246,3435648975
201903,커피/음료,남성,594295,7952119886
201903,커피/음료,여성,788445,10464184966
201903,패스트푸드,남성,325125,3990969110
201903,패스트푸드,여성,316814,3822638685
201903,한식,남성,1369306,58026711521
201903,한식,여성,983133,37501632997
201904,간이주점,남성,158292,8625482545
201904,간이주점,여성,89690,3596486325
201904,고기요리,남성,266132,17482255919
201904,고기요리,여성,172695,10676074683
201904,닭/오리요리,남성,252403,7141207330
201904,닭/오리요리,여성,200687,5281917147
201904,별식/퓨전요리,남성,61995,1736231106
201904,별식/퓨전요리,여성,52570,1403955346
201904,부페,남성,15422,799085782
201904,부페,여성,10387,478124503
201904,분식,남성,389593,7466331151
201904,분식,여성,379370,6609026273
201904,양식,남성,127577,4985410165
201904,양식,여성,142861,4771239871
201904,유흥주점,남성,108065,21833484300
201904,유흥주점,여성,48667,4706191033
201904,일식/수산물,남성,311093,22028137830
201904,일식/수산물,여성,256720,16971449980
201904,제과/제빵/떡/케익,남성,300528,4526436946
201904,제과/제빵/떡/케익,여성,431150,6289225908
201904,중식,남성,192800,5293585185
201904,중식,여성,113224,3366097168
201904,커피/음료,남성,631070,8267368868
201904,커피/음료,여성,807753,10380600309
201904,패스트푸드,남성,323183,4023927118
201904,패스트푸드,여성,314388,3753351265
201904,한식,남성,1376895,58399211642
201904,한식,여성,988935,39211971629
201905,간이주점,남성,176155,8895140916
201905,간이주점,여성,97029,3710239544
201905,고기요리,남성,282440,18616004214
201905,고기요리,여성,183305,11523512135
201905,닭/오리요리,남성,266164,7833167052
201905,닭/오리요리,여성,216085,5727398353
201905,별식/퓨전요리,남성,67227,1930235489
201905,별식/퓨전요리,여성,52471,1497097294
201905,부페,남성,16702,762869835
201905,부페,여성,10008,583242497
201905,분식,남성,447416,8559956424
201905,분식,여성,423671,7567189600
201905,양식,남성,151454,5860511405
201905,양식,여성,163230,5536830123
201905,유흥주점,남성,117052,23103743438
201905,유흥주점,여성,50637,4847850758
201905,일식/수산물,남성,346316,24288439062
201905,일식/수산물,여성,273015,17621134574
201905,제과/제빵/떡/케익,남성,306177,4715323210
201905,제과/제빵/떡/케익,여성,441755,6445337016
201905,중식,남성,201715,5594654375
201905,중식,여성,124724,3615536286
201905,커피/음료,남성,715234,9657584807
201905,커피/음료,여성,893660,11631671384
201905,패스트푸드,남성,362585,4490766620
201905,패스트푸드,여성,350857,4226115782
201905,한식,남성,1501939,64818145235
201905,한식,여성,1039028,41258074504
201906,간이주점,남성,169112,9042196599
201906,간이주점,여성,102751,4077707269
201906,고기요리,남성,278612,18250143395
201906,고기요리,여성,184514,11148503611
201906,닭/오리요리,남성,279646,8121635732
201906,닭/오리요리,여성,222254,5805524433
201906,별식/퓨전요리,남성,63202,1676837451
201906,별식/퓨전요리,여성,49153,1368765229
201906,부페,남성,16215,707198129
201906,부페,여성,10032,573939882
201906,분식,남성,447999,8780666661
201906,분식,여성,434057,7895842331
201906,양식,남성,155472,5967701802
201906,양식,여성,167943,5871958847
201906,유흥주점,남성,113932,22022997713
201906,유흥주점,여성,50432,4703359896
201906,일식/수산물,남성,360694,24390929620
201906,일식/수산물,여성,282358,18560628165
201906,제과/제빵/떡/케익,남성,306860,4472299320
201906,제과/제빵/떡/케익,여성,434453,6233170359
201906,중식,남성,208301,5567550126
201906,중식,여성,131698,3712034815
201906,커피/음료,남성,724327,9889013624
201906,커피/음료,여성,921081,12169681581
201906,패스트푸드,남성,367694,4474664883
201906,패스트푸드,여성,345272,4206228628
201906,한식,남성,1488645,63612520437
201906,한식,여성,1064276,42141702212
201907,간이주점,남성,175387,9010101372
201907,간이주점,여성,105451,3978331598
201907,고기요리,남성,289657,18458619232
201907,고기요리,여성,192405,11738222150
201907,닭/오리요리,남성,295788,8560357966
201907,닭/오리요리,여성,237660,6383443710
201907,별식/퓨전요리,남성,63833,1785387236
201907,별식/퓨전요리,여성,50627,1352505548
201907,부페,남성,18500,871415999
201907,부페,여성,12094,592900936
201907,분식,남성,496612,9371398004
201907,분식,여성,491849,8677719810
201907,양식,남성,158658,6241735449
201907,양식,여성,173539,6105530868
201907,유흥주점,남성,112108,21574072243
201907,유흥주점,여성,48995,4650329843
201907,일식/수산물,남성,360495,23786962465
201907,일식/수산물,여성,284656,17241140930
201907,제과/제빵/떡/케익,남성,320873,4638726322
201907,제과/제빵/떡/케익,여성,446046,6327086477
201907,중식,남성,215430,5728251171
201907,중식,여성,140973,3869100262
201907,커피/음료,남성,784496,10441596162
201907,커피/음료,여성,991250,13082371611
201907,패스트푸드,남성,384169,4851404106
201907,패스트푸드,여성,376520,4682090551
201907,한식,남성,1579044,65039196300
201907,한식,여성,1134803,44087877925
201908,간이주점,남성,193305,9687779024
201908,간이주점,여성,120700,4625482788
201908,고기요리,남성,324562,21200507116
201908,고기요리,여성,214621,13179037976
201908,닭/오리요리,남성,308434,8886833267
201908,닭/오리요리,여성,251731,6795596880
201908,별식/퓨전요리,남성,71854,2019087250
201908,별식/퓨전요리,여성,55247,1502002208
201908,부페,남성,19319,824872122
201908,부페,여성,14441,730344016
201908,분식,남성,578900,11192386162
201908,분식,여성,554804,9945348961
201908,양식,남성,179119,6973962350
201908,양식,여성,191419,6787378013
201908,유흥주점,남성,122699,22884646370
201908,유흥주점,여성,54715,4419039494
201908,일식/수산물,남성,414918,26802678534
201908,일식/수산물,여성,322562,19788635745
201908,제과/제빵/떡/케익,남성,358088,5230994453
201908,제과/제빵/떡/케익,여성,493199,7179138787
201908,중식,남성,234927,6480350476
201908,중식,여성,150400,4201225856
201908,커피/음료,남성,935298,12784014201
201908,커피/음료,여성,1144712,15333747496
201908,패스트푸드,남성,422819,5488494394
201908,패스트푸드,여성,400417,5097978259
201908,한식,남성,1774710,75995442172
201908,한식,여성,1260541,49842531553
201909,간이주점,남성,168383,9028680782
201909,간이주점,여성,101911,3987996116
201909,고기요리,남성,244191,15507521127
201909,고기요리,여성,158311,9762334012
201909,닭/오리요리,남성,243120,6882351489
201909,닭/오리요리,여성,192997,4999435638
201909,별식/퓨전요리,남성,60494,1573732845
201909,별식/퓨전요리,여성,47036,1303047458
201909,부페,남성,13725,672351362
201909,부페,여성,10229,612162183
201909,분식,남성,414945,7779682409
201909,분식,여성,415957,7021702368
201909,양식,남성,127311,4942281709
201909,양식,여성,133292,4787136516
201909,유흥주점,남성,109686,21371999828
201909,유흥주점,여성,47178,4381153880
201909,일식/수산물,남성,299335,20171658971
201909,일식/수산물,여성,245335,15851870766
201909,제과/제빵/떡/케익,남성,312315,4912251431
201909,제과/제빵/떡/케익,여성,439429,6874240209
201909,중식,남성,187235,5060381591
201909,중식,여성,116156,3119903924
201909,커피/음료,남성,699723,9346464469
201909,커피/음료,여성,874688,11503148208
201909,패스트푸드,남성,323196,4001167564
201909,패스트푸드,여성,301502,3746408416
201909,한식,남성,1319906,54562898097
201909,한식,여성,942918,35777048055
201910,간이주점,남성,186430,9229508168
201910,간이주점,여성,114732,4433719915
201910,고기요리,남성,290221,18884911116
201910,고기요리,여성,191001,11797001788
201910,닭/오리요리,남성,271383,7763512290
201910,닭/오리요리,여성,223950,5833812439
201910,별식/퓨전요리,남성,75220,1951225072
201910,별식/퓨전요리,여성,62181,1664215809
201910,부페,남성,16310,845296193
201910,부페,여성,12556,619502147
201910,분식,남성,491594,9327982683
201910,분식,여성,497501,8470068358
201910,양식,남성,149350,5931092299
201910,양식,여성,158344,5220312055
201910,유흥주점,남성,119180,22676375027
201910,유흥주점,여성,55007,5404201677
201910,일식/수산물,남성,365150,25305518601
201910,일식/수산물,여성,299559,19400816059
201910,제과/제빵/떡/케익,남성,340176,5158882965
201910,제과/제빵/떡/케익,여성,492052,7302342227
201910,중식,남성,208037,5514455316
201910,중식,여성,134277,3863475425
201910,커피/음료,남성,767758,10197488826
201910,커피/음료,여성,995658,13034326403
201910,패스트푸드,남성,358499,4412925210
201910,패스트푸드,여성,346231,4289949968
201910,한식,남성,1593785,68637111655
201910,한식,여성,1169885,45687961194
201911,간이주점,남성,184499,9349166936
201911,간이주점,여성,110793,4280735111
201911,고기요리,남성,276071,18085441991
201911,고기요리,여성,190266,11453748358
201911,닭/오리요리,남성,258159,7380790554
201911,닭/오리요리,여성,212838,5497738392
201911,별식/퓨전요리,남성,71842,1828228874
201911,별식/퓨전요리,여성,60810,1581923420
201911,부페,남성,16289,808797972
201911,부페,여성,11631,533757701
201911,분식,남성,449579,8302644545
201911,분식,여성,454047,7762758304
201911,양식,남성,133876,5214178742
201911,양식,여성,144604,4892486101
201911,유흥주점,남성,119663,23919577182
201911,유흥주점,여성,52579,5281653235
201911,일식/수산물,남성,345350,25260709292
201911,일식/수산물,여성,288676,18364642330
201911,제과/제빵/떡/케익,남성,327598,5161927690
201911,제과/제빵/떡/케익,여성,465861,7074296074
201911,중식,남성,202515,5245450660
201911,중식,여성,130263,3422588361
201911,커피/음료,남성,706088,9174149465
201911,커피/음료,여성,919146,12264154399
201911,패스트푸드,남성,316746,3862441562
201911,패스트푸드,여성,310464,3763045397
201911,한식,남성,1499004,65396587816
201911,한식,여성,1093868,42239216093
201912,간이주점,남성,181777,8921950260
201912,간이주점,여성,118582,4754518578
201912,고기요리,남성,284271,19119066537
201912,고기요리,여성,195514,12178087265
201912,닭/오리요리,남성,279746,7837346726
201912,닭/오리요리,여성,225094,5915246748
201912,별식/퓨전요리,남성,78263,2087215859
201912,별식/퓨전요리,여성,63884,1746130226
201912,부페,남성,21620,1205255085
201912,부페,여성,15944,791574954
201912,분식,남성,460305,8462830031
201912,분식,여성,460814,7944782044
201912,양식,남성,144728,5860592053
201912,양식,여성,148946,5567126749
201912,유흥주점,남성,120696,23363561163
201912,유흥주점,여성,51297,5108050235
201912,일식/수산물,남성,361469,25376886648
201912,일식/수산물,여성,290276,18177263345
201912,제과/제빵/떡/케익,남성,344383,5366758574
201912,제과/제빵/떡/케익,여성,485174,7484224933
201912,중식,남성,206725,5612065028
201912,중식,여성,136939,3725638683
201912,커피/음료,남성,749706,10149800714
201912,커피/음료,여성,958366,13000168942
201912,패스트푸드,남성,334001,4368889566
201912,패스트푸드,여성,320220,4080109348
201912,한식,남성,1537416,64730111645
201912,한식,여성,1107744,43016719747
202001,간이주점,남성,171551,8782398993
202001,간이주점,여성,109048,4337479743
202001,고기요리,남성,270707,18055598997
202001,고기요리,여성,184232,11661307009
202001,닭/오리요리,남성,269903,7760971083
202001,닭/오리요리,여성,220914,5764343685
202001,별식/퓨전요리,남성,69188,1765505952
202001,별식/퓨전요리,여성,57900,1587623561
202001,부페,남성,18360,881619122
202001,부페,여성,13165,892564527
202001,분식,남성,404002,7723538132
202001,분식,여성,419129,7354463245
202001,양식,남성,132317,5357105097
202001,양식,여성,146943,5216051513
202001,유흥주점,남성,107434,20183972071
202001,유흥주점,여성,45329,4099063666
202001,일식/수산물,남성,324300,22634834565
202001,일식/수산물,여성,265753,17162722723
202001,제과/제빵/떡/케익,남성,322461,5343314352
202001,제과/제빵/떡/케익,여성,472584,7418732104
202001,중식,남성,204684,5626086441
202001,중식,여성,135295,3755509918
202001,커피/음료,남성,707842,9534090371
202001,커피/음료,여성,910251,12446766739
202001,패스트푸드,남성,327389,4254866157
202001,패스트푸드,여성,314874,3963784758
202001,한식,남성,1399127,58300245039
202001,한식,여성,1022354,39640817247
202002,간이주점,남성,144908,7296818154
202002,간이주점,여성,86100,3708616055
202002,고기요리,남성,218943,13614861940
202002,고기요리,여성,138305,8018093955
202002,닭/오리요리,남성,251118,7018647349
202002,닭/오리요리,여성,192367,5024057943
202002,별식/퓨전요리,남성,62361,1640030778
202002,별식/퓨전요리,여성,48901,1307331563
202002,부페,남성,17002,617621318
202002,부페,여성,10978,452027633
202002,분식,남성,329971,6043465432
202002,분식,여성,314321,5339427126
202002,양식,남성,103944,4008551644
202002,양식,여성,107366,3734503578
202002,유흥주점,남성,89677,17806884781
202002,유흥주점,여성,33973,3728899944
202002,일식/수산물,남성,241437,15526463646
202002,일식/수산물,여성,178901,10676045599
202002,제과/제빵/떡/케익,남성,287128,4118018720
202002,제과/제빵/떡/케익,여성,401155,5964815506
202002,중식,남성,169722,4479232876
202002,중식,여성,105906,2897919986
202002,커피/음료,남성,566894,6920212239
202002,커피/음료,여성,679738,8640851371
202002,패스트푸드,남성,276952,3584804707
202002,패스트푸드,여성,251455,3296503721
202002,한식,남성,1167354,45888090376
202002,한식,여성,757789,27419941160
202003,간이주점,남성,149440,7520921601
202003,간이주점,여성,86596,3545920987
202003,고기요리,남성,215711,12970044550
202003,고기요리,여성,137091,7713666959
202003,닭/오리요리,남성,253647,6999040359
202003,닭/오리요리,여성,203921,5230034817
202003,별식/퓨전요리,남성,67093,1712880859
202003,별식/퓨전요리,여성,49252,1308716390
202003,부페,남성,15744,544859057
202003,부페,여성,7882,351661829
202003,분식,남성,329705,5799055201
202003,분식,여성,322788,5386733396
202003,양식,남성,107418,3990570223
202003,양식,여성,104182,3602697901
202003,유흥주점,남성,80429,16309896359
202003,유흥주점,여성,32381,3558452301
202003,일식/수산물,남성,236943,14488451246
202003,일식/수산물,여성,181508,10217989023
202003,제과/제빵/떡/케익,남성,311719,4437489484
202003,제과/제빵/떡/케익,여성,433368,6217056389
202003,중식,남성,179284,4662012507
202003,중식,여성,113213,2962416687
202003,커피/음료,남성,586888,6966069498
202003,커피/음료,여성,729474,8874565343
202003,패스트푸드,남성,288087,3693844734
202003,패스트푸드,여성,276921,3574647081
202003,한식,남성,1172724,43432492062
202003,한식,여성,779245,27090514755
202004,간이주점,남성,152911,7553133871
202004,간이주점,여성,88457,3561835223
202004,고기요리,남성,214607,12966379314
202004,고기요리,여성,134121,7800346934
202004,닭/오리요리,남성,251342,7053646784
202004,닭/오리요리,여성,203230,5199626277
202004,별식/퓨전요리,남성,62669,1600651797
202004,별식/퓨전요리,여성,48002,1313146619
202004,부페,남성,16400,499970563
202004,부페,여성,7506,276857552
202004,분식,남성,342170,5998921328
202004,분식,여성,334595,5404859132
202004,양식,남성,109279,4127754793
202004,양식,여성,117087,3968970585
202004,유흥주점,남성,84157,16454504169
202004,유흥주점,여성,31873,3423757064
202004,일식/수산물,남성,253691,15693106338
202004,일식/수산물,여성,196435,11317600557
202004,제과/제빵/떡/케익,남성,296736,4319064138
202004,제과/제빵/떡/케익,여성,429742,6594645175
202004,중식,남성,184967,4886002520
202004,중식,여성,116263,2969698311
202004,커피/음료,남성,632275,7537224032
202004,커피/음료,여성,771922,9296962835
202004,패스트푸드,남성,291942,3677645576
202004,패스트푸드,여성,286668,3617226104
202004,한식,남성,1221036,47728255615
202004,한식,여성,812171,28819112120
202005,간이주점,남성,184557,8887444219
202005,간이주점,여성,110606,4333417339
202005,고기요리,남성,266189,16897740232
202005,고기요리,여성,166395,10048747734
202005,닭/오리요리,남성,308012,8583626229
202005,닭/오리요리,여성,226494,5903402801
202005,별식/퓨전요리,남성,72083,1921409598
202005,별식/퓨전요리,여성,51682,1482584146
202005,부페,남성,20290,885724243
202005,부페,여성,11809,565319402
202005,분식,남성,456675,8225607791
202005,분식,여성,412172,6860005258
202005,양식,남성,154278,6092995541
202005,양식,여성,144710,5157843251
202005,유흥주점,남성,97832,18685887571
202005,유흥주점,여성,42247,3905540578
202005,일식/수산물,남성,362554,23398240508
202005,일식/수산물,여성,270507,15761384909
202005,제과/제빵/떡/케익,남성,364273,5493081513
202005,제과/제빵/떡/케익,여성,473368,7401319561
202005,중식,남성,226012,6041167606
202005,중식,여성,130590,3497784144
202005,커피/음료,남성,858453,10641495180
202005,커피/음료,여성,966596,12150818171
202005,패스트푸드,남성,358839,4605976083
202005,패스트푸드,여성,318498,4039080407
202005,한식,남성,1561066,62432338960
202005,한식,여성,1011932,37814342381
202006,간이주점,남성,185689,8928081777
202006,간이주점,여성,110335,4242114360
202006,고기요리,남성,255335,16265398562
202006,고기요리,여성,163968,9674524466
202006,닭/오리요리,남성,282587,7919691739
202006,닭/오리요리,여성,207430,5568115493
202006,별식/퓨전요리,남성,67666,1755248286
202006,별식/퓨전요리,여성,49175,1347047391
202006,부페,남성,18315,692773376
202006,부페,여성,13046,583097052
202006,분식,남성,444539,8067680218
202006,분식,여성,408699,6803623860
202006,양식,남성,147061,5966891233
202006,양식,여성,143020,5108692791
202006,유흥주점,남성,90337,18064506686
202006,유흥주점,여성,37916,3788409494
202006,일식/수산물,남성,358924,23166603743
202006,일식/수산물,여성,278834,16383583583
202006,제과/제빵/떡/케익,남성,328673,4799958021
202006,제과/제빵/떡/케익,여성,438565,6521205302
202006,중식,남성,208495,5341280055
202006,중식,여성,120721,3025245721
202006,커피/음료,남성,847771,10718628823
202006,커피/음료,여성,997748,12662891987
202006,패스트푸드,남성,340392,4455433466
202006,패스트푸드,여성,311522,3890783675
202006,한식,남성,1534350,60159956236
202006,한식,여성,1052757,38808936137
202007,간이주점,남성,200219,9709530857
202007,간이주점,여성,122719,4648389706
202007,고기요리,남성,271837,17387023894
202007,고기요리,여성,181693,10921618016
202007,닭/오리요리,남성,295385,8628439893
202007,닭/오리요리,여성,227909,6131174025
202007,별식/퓨전요리,남성,68699,1749882216
202007,별식/퓨전요리,여성,53078,1440271953
202007,부페,남성,18548,859283084
202007,부페,여성,10483,436809343
202007,분식,남성,469968,8647432484
202007,분식,여성,450460,7638187721
202007,양식,남성,162999,6684582191
202007,양식,여성,167243,5854763018
202007,유흥주점,남성,96208,19096444983
202007,유흥주점,여성,38261,3456426019
202007,일식/수산물,남성,391396,26058581043
202007,일식/수산물,여성,313130,18512485059
202007,제과/제빵/떡/케익,남성,354542,5313560335
202007,제과/제빵/떡/케익,여성,485384,7369602919
202007,중식,남성,215891,5811214192
202007,중식,여성,135537,3577653210
202007,커피/음료,남성,934988,12261493174
202007,커피/음료,여성,1118326,14658928823
202007,패스트푸드,남성,352705,4649551909
202007,패스트푸드,여성,330775,4096293776
202007,한식,남성,1666670,68240874773
202007,한식,여성,1176017,43867141155
202008,간이주점,남성,207086,9865766024
202008,간이주점,여성,130350,4889568358
202008,고기요리,남성,312198,20599172273
202008,고기요리,여성,207515,12795445925
202008,닭/오리요리,남성,331449,9602322621
202008,닭/오리요리,여성,258048,6935668674
202008,별식/퓨전요리,남성,67225,1813312190
202008,별식/퓨전요리,여성,51541,1406438104
202008,부페,남성,19886,809429590
202008,부페,여성,11621,580491652
202008,분식,남성,562652,10827984388
202008,분식,여성,499021,8927144609
202008,양식,남성,192666,8230197514
202008,양식,여성,188147,7067965980
202008,유흥주점,남성,92075,17460336395
202008,유흥주점,여성,40249,3723772211
202008,일식/수산물,남성,463773,31104590255
202008,일식/수산물,여성,351088,21161047103
202008,제과/제빵/떡/케익,남성,398429,6202695537
202008,제과/제빵/떡/케익,여성,531116,8200324287
202008,중식,남성,237968,6609810869
202008,중식,여성,153534,4263750438
202008,커피/음료,남성,1135731,15807219712
202008,커피/음료,여성,1294010,17575197967
202008,패스트푸드,남성,410209,5558429388
202008,패스트푸드,여성,368843,4972512936
202008,한식,남성,1944660,81939758799
202008,한식,여성,1355705,53075739213
202009,간이주점,남성,166958,8167497128
202009,간이주점,여성,99619,3773126667
202009,고기요리,남성,250683,15292022135
202009,고기요리,여성,160487,9001447844
202009,닭/오리요리,남성,267504,7282161269
202009,닭/오리요리,여성,205549,5263015218
202009,별식/퓨전요리,남성,63375,1586502822
202009,별식/퓨전요리,여성,50562,1338860823
202009,부페,남성,11505,415629281
202009,부페,여성,7586,311628747
202009,분식,남성,429123,7534484904
202009,분식,여성,401094,6469690103
202009,양식,남성,143005,5916919489
202009,양식,여성,138119,4970990282
202009,유흥주점,남성,77594,15587165910
202009,유흥주점,여성,32980,3133681218
202009,일식/수산물,남성,334507,21757213382
202009,일식/수산물,여성,263074,16032385711
202009,제과/제빵/떡/케익,남성,367344,5997424225
202009,제과/제빵/떡/케익,여성,516932,8159777573
202009,중식,남성,210283,5443316325
202009,중식,여성,125967,3278829064
202009,커피/음료,남성,801439,10129875865
202009,커피/음료,여성,918781,11439409040
202009,패스트푸드,남성,340063,4413475846
202009,패스트푸드,여성,308477,3928779894
202009,한식,남성,1514039,58258987794
202009,한식,여성,1040795,36593443913
202010,간이주점,남성,204886,9722433746
202010,간이주점,여성,128746,4779550314
202010,고기요리,남성,290774,18901261008
202010,고기요리,여성,192222,11703920793
202010,닭/오리요리,남성,276668,7744914059
202010,닭/오리요리,여성,210669,5529762586
202010,별식/퓨전요리,남성,69713,1793300200
202010,별식/퓨전요리,여성,55585,1518386263
202010,부페,남성,13874,547971440
202010,부페,여성,8562,404688637
202010,분식,남성,483365,8805001694
202010,분식,여성,467376,7945915963
202010,양식,남성,165448,6727855450
202010,양식,여성,168285,6239956984
202010,유흥주점,남성,88095,16649560797
202010,유흥주점,여성,41839,3493178080
202010,일식/수산물,남성,408835,28164685401
202010,일식/수산물,여성,336243,20788120131
202010,제과/제빵/떡/케익,남성,381331,5894381816
202010,제과/제빵/떡/케익,여성,535942,8182400711
202010,중식,남성,228872,6134438425
202010,중식,여성,145299,3806720955
202010,커피/음료,남성,944882,12705104071
202010,커피/음료,여성,1131903,15231134879
202010,패스트푸드,남성,347715,4589293135
202010,패스트푸드,여성,328036,4200685898
202010,한식,남성,1756101,72442484375
202010,한식,여성,1275488,47924718774
202011,간이주점,남성,193487,9131724794
202011,간이주점,여성,123620,4688080692
202011,고기요리,남성,288659,19533335924
202011,고기요리,여성,197945,12202401940
202011,닭/오리요리,남성,273554,7674172521
202011,닭/오리요리,여성,216347,5582724301
202011,별식/퓨전요리,남성,70940,1839614924
202011,별식/퓨전요리,여성,59908,1734739102
202011,부페,남성,15486,976992299
202011,부페,여성,9501,464502866
202011,분식,남성,467565,8629395894
202011,분식,여성,457733,8024316865
202011,양식,남성,145859,6046221595
202011,양식,여성,152241,5488252497
202011,유흥주점,남성,92428,17920720056
202011,유흥주점,여성,41397,3895456696
202011,일식/수산물,남성,408915,29080274005
202011,일식/수산물,여성,344085,21168144115
202011,제과/제빵/떡/케익,남성,382272,6257727658
202011,제과/제빵/떡/케익,여성,547997,8726317837
202011,중식,남성,228878,6183593197
202011,중식,여성,146533,3897608411
202011,커피/음료,남성,878996,11812062331
202011,커피/음료,여성,1073408,14598757162
202011,패스트푸드,남성,322002,4380241205
202011,패스트푸드,여성,309326,4043565476
202011,한식,남성,1731755,72487657994
202011,한식,여성,1281259,49370919146
202012,간이주점,남성,121832,5765788257
202012,간이주점,여성,70961,2669034506
202012,고기요리,남성,215130,12812517155
202012,고기요리,여성,128601,7189411975
202012,닭/오리요리,남성,260806,6678867985
202012,닭/오리요리,여성,203348,5057978861
202012,별식/퓨전요리,남성,63558,1584969151
202012,별식/퓨전요리,여성,49361,1325348249
202012,부페,남성,11254,499332374
202012,부페,여성,6042,371009276
202012,분식,남성,360265,6273326020
202012,분식,여성,330819,5353052678
202012,양식,남성,107367,4466201612
202012,양식,여성,102584,3701345559
202012,유흥주점,남성,47177,9369297169
202012,유흥주점,여성,21154,2074406360
202012,일식/수산물,남성,296768,19495356669
202012,일식/수산물,여성,218762,13136172105
202012,제과/제빵/떡/케익,남성,354201,5708235839
202012,제과/제빵/떡/케익,여성,489834,7828719297
202012,중식,남성,200761,5275594892
202012,중식,여성,118898,3183045318
202012,커피/음료,남성,666567,8410615998
202012,커피/음료,여성,747405,9581126109
202012,패스트푸드,남성,308746,4247113504
202012,패스트푸드,여성,279387,3807998500
202012,한식,남성,1288781,48310051181
202012,한식,여성,825051,29021955636
202101,간이주점,남성,78066,3314138850
202101,간이주점,여성,48499,1764637070
202101,고기요리,남성,200007,11609096713
202101,고기요리,여성,122979,6568645543
202101,닭/오리요리,남성,243866,6139273944
202101,닭/오리요리,여성,183830,4430922074
202101,별식/퓨전요리,남성,61260,1504709097
202101,별식/퓨전요리,여성,47040,1263243006
202101,부페,남성,8609,387735584
202101,부페,여성,4764,209044764
202101,분식,남성,330531,5647661263
202101,분식,여성,295607,4763835801
202101,양식,남성,97796,3614871894
202101,양식,여성,99750,3402267247
202101,유흥주점,남성,9908,2448080829
202101,유흥주점,여성,10699,501699819
202101,일식/수산물,남성,251732,16123076385
202101,일식/수산물,여성,184392,11100055313
202101,제과/제빵/떡/케익,남성,336011,5030643127
202101,제과/제빵/떡/케익,여성,456497,6672896904
202101,중식,남성,190390,5084116419
202101,중식,여성,114886,2971227026
202101,커피/음료,남성,602383,7482564201
202101,커피/음료,여성,698208,8588816783
202101,패스트푸드,남성,296279,4036608305
202101,패스트푸드,여성,265680,3600106299
202101,한식,남성,1170153,41575701223
202101,한식,여성,746586,24866948436
202102,간이주점,남성,128138,6004192147
202102,간이주점,여성,81648,3009853847
202102,고기요리,남성,232884,14635922285
202102,고기요리,여성,148673,8672863196
202102,닭/오리요리,남성,217011,5765992081
202102,닭/오리요리,여성,167130,4189400872
202102,별식/퓨전요리,남성,57799,1514834513
202102,별식/퓨전요리,여성,46463,1288653698
202102,부페,남성,8966,576087524
202102,부페,여성,4597,163651636
202102,분식,남성,382866,6952840067
202102,분식,여성,347238,5905462611
202102,양식,남성,121661,5107243327
202102,양식,여성,122774,4510455679
202102,유흥주점,남성,30137,4082467601
202102,유흥주점,여성,19690,1293966916
202102,일식/수산물,남성,311842,20982413394
202102,일식/수산물,여성,241176,14515932888
202102,제과/제빵/떡/케익,남성,343417,5715763869
202102,제과/제빵/떡/케익,여성,473585,7904692964
202102,중식,남성,190540,4962083770
202102,중식,여성,115179,3070080244
202102,커피/음료,남성,729848,9641165482
202102,커피/음료,여성,855276,11344598986
202102,패스트푸드,남성,302475,4092339270
202102,패스트푸드,여성,272149,3731190115
202102,한식,남성,1352052,52507699042
202102,한식,여성,904701,32747350876
202103,간이주점,남성,176995,8357925225
202103,간이주점,여성,112171,4165770657
202103,고기요리,남성,275586,16926724621
202103,고기요리,여성,186569,10883433328
202103,닭/오리요리,남성,235905,6398983042
202103,닭/오리요리,여성,182856,4759133496
202103,별식/퓨전요리,남성,73745,1916879385
202103,별식/퓨전요리,여성,57186,1634176782
202103,부페,남성,12835,430049106
202103,부페,여성,6478,216651384
202103,분식,남성,433281,7552810049
202103,분식,여성,421762,7092200838
202103,양식,남성,145442,6019719336
202103,양식,여성,149673,5319772385
202103,유흥주점,남성,67119,13224209730
202103,유흥주점,여성,34399,3237163246
202103,일식/수산물,남성,356209,22781245627
202103,일식/수산물,여성,301848,18416963657
202103,제과/제빵/떡/케익,남성,372536,6046636849
202103,제과/제빵/떡/케익,여성,539768,8478658074
202103,중식,남성,221079,5580162761
202103,중식,여성,135810,3389665794
202103,커피/음료,남성,852799,10780434612
202103,커피/음료,여성,1053923,13735381448
202103,패스트푸드,남성,321384,4197302779
202103,패스트푸드,여성,309726,4163617453
202103,한식,남성,1599463,60310076893
202103,한식,여성,1145076,41710130843
202104,간이주점,남성,187567,8465757984
202104,간이주점,여성,122263,4413988536
202104,고기요리,남성,295436,18998471949
202104,고기요리,여성,205394,12469377735
202104,닭/오리요리,남성,258990,7238374671
202104,닭/오리요리,여성,196805,4999790816
202104,별식/퓨전요리,남성,69841,1798781696
202104,별식/퓨전요리,여성,57484,1689277042
202104,부페,남성,14070,452847680
202104,부페,여성,7566,250504372
202104,분식,남성,494973,9095974251
202104,분식,여성,481730,8317286205
202104,양식,남성,164343,6941748787
202104,양식,여성,176144,6426640579
202104,유흥주점,남성,91735,17565930009
202104,유흥주점,여성,42876,3650773185
202104,일식/수산물,남성,423417,28651876997
202104,일식/수산물,여성,364513,22412839223
202104,제과/제빵/떡/케익,남성,401718,6667907101
202104,제과/제빵/떡/케익,여성,576729,9280906631
202104,중식,남성,229190,5709173472
202104,중식,여성,143481,3585750876
202104,커피/음료,남성,1019257,13347170988
202104,커피/음료,여성,1261556,16928950327
202104,패스트푸드,남성,350533,4550372720
202104,패스트푸드,여성,337809,4434388682
202104,한식,남성,1767789,70107028871
202104,한식,여성,1324507,49233663907
202105,간이주점,남성,212577,9865162381
202105,간이주점,여성,138860,5230304237
202105,고기요리,남성,331358,21390834364
202105,고기요리,여성,237928,14365755201
202105,닭/오리요리,남성,278917,7879871435
202105,닭/오리요리,여성,211216,5416766497
202105,별식/퓨전요리,남성,62195,1738042982
202105,별식/퓨전요리,여성,53398,1673535058
202105,부페,남성,15580,522478872
202105,부페,여성,9223,305785902
202105,분식,남성,581466,10477939253
202105,분식,여성,555215,9522383779
202105,양식,남성,183077,8216756158
202105,양식,여성,194027,7446308355
202105,유흥주점,남성,77215,13454220519
202105,유흥주점,여성,37174,3133141775
202105,일식/수산물,남성,472492,33060501716
202105,일식/수산물,여성,404032,26248343982
202105,제과/제빵/떡/케익,남성,521613,8361632718
202105,제과/제빵/떡/케익,여성,688448,10646872317
202105,중식,남성,274064,6892961223
202105,중식,여성,180378,4580351654
202105,커피/음료,남성,1161962,15042098490
202105,커피/음료,여성,1360630,17454319422
202105,패스트푸드,남성,393352,5526690305
202105,패스트푸드,여성,390275,5340419725
202105,한식,남성,1949694,78869977807
202105,한식,여성,1483408,56639946631
202106,간이주점,남성,127974,5801997095
202106,간이주점,여성,84945,3192476591
202106,고기요리,남성,292388,18792982611
202106,고기요리,여성,210057,12580231561
202106,닭/오리요리,남성,276169,7775123433
202106,닭/오리요리,여성,210504,5378591739
202106,별식/퓨전요리,남성,71095,1901155850
202106,별식/퓨전요리,여성,59717,1734792015
202106,부페,남성,14868,497399354
202106,부페,여성,8845,290100473
202106,분식,남성,531149,9696301059
202106,분식,여성,502445,8703342277
202106,양식,남성,168383,7039868151
202106,양식,여성,178655,6620003077
202106,유흥주점,남성,46152,6765679394
202106,유흥주점,여성,25670,1680187632
202106,일식/수산물,남성,418356,29502358785
202106,일식/수산물,여성,357702,23314836408
202106,제과/제빵/떡/케익,남성,419818,6673754798
202106,제과/제빵/떡/케익,여성,541230,8413478148
202106,중식,남성,232096,5844285058
202106,중식,여성,152887,3871817260
202106,커피/음료,남성,1121659,14201516758
202106,커피/음료,여성,1314155,16675234698
202106,패스트푸드,남성,382908,5277397853
202106,패스트푸드,여성,380227,5077353154
202106,한식,남성,1675932,67527889458
202106,한식,여성,1275304,48372439199
202107,간이주점,남성,160631,7308373729
202107,간이주점,여성,106343,4009282865
202107,고기요리,남성,305152,19641656756
202107,고기요리,여성,219111,13204697764
202107,닭/오리요리,남성,312111,8911528238
202107,닭/오리요리,여성,236756,6129297251
202107,별식/퓨전요리,남성,71989,1922420319
202107,별식/퓨전요리,여성,59170,1759456537
202107,부페,남성,17880,612156423
202107,부페,여성,10872,361886034
202107,분식,남성,561507,10224779737
202107,분식,여성,533713,9207205043
202107,양식,남성,179768,7695049396
202107,양식,여성,189641,7108221196
202107,유흥주점,남성,50785,8011132926
202107,유흥주점,여성,27469,2061380216
202107,일식/수산물,남성,413369,28871265235
202107,일식/수산물,여성,352571,22785687089
202107,제과/제빵/떡/케익,남성,407660,6490072462
202107,제과/제빵/떡/케익,여성,536657,8209228205
202107,중식,남성,246301,6245024526
202107,중식,여성,161936,4115346327
202107,커피/음료,남성,1202151,15411377819
202107,커피/음료,여성,1408454,17987273321
202107,패스트푸드,남성,415996,5773041887
202107,패스트푸드,여성,414562,5560706897
202107,한식,남성,1729757,69960718315
202107,한식,여성,1316549,50045359399
202108,간이주점,남성,126752,5651847965
202108,간이주점,여성,84436,3120754791
202108,고기요리,남성,292138,18921394393
202108,고기요리,여성,210557,12747555041
202108,닭/오리요리,남성,287712,8109264565
202108,닭/오리요리,여성,220273,5628413968
202108,별식/퓨전요리,남성,75448,1995656031
202108,별식/퓨전요리,여성,61206,1780965802
202108,부페,남성,16421,551955891
202108,부페,여성,10018,333821497
202108,분식,남성,551124,10137666504
202108,분식,여성,521633,9144588444
202108,양식,남성,175014,7348339311
202108,양식,여성,184820,6852479765
202108,유흥주점,남성,20145,1171601200
202108,유흥주점,여성,18722,606310997
202108,일식/수산물,남성,398406,27707244191
202108,일식/수산물,여성,340052,21932891889
202108,제과/제빵/떡/케익,남성,427783,6701261521
202108,제과/제빵/떡/케익,여성,563138,8572789843
202108,중식,남성,259989,6658736927
202108,중식,여성,171361,4404062682
202108,커피/음료,남성,1195907,15714409339
202108,커피/음료,여성,1400152,18034503118
202108,패스트푸드,남성,423747,5964190629
202108,패스트푸드,여성,422528,5798686290
202108,한식,남성,1672096,67851335413
202108,한식,여성,1275155,48825440300
202109,간이주점,남성,118938,5374047253
202109,간이주점,여성,79536,2911845895
202109,고기요리,남성,265761,17201496439
202109,고기요리,여성,191142,11562242427
202109,닭/오리요리,남성,242791,6850651234
202109,닭/오리요리,여성,186406,4778735893
202109,별식/퓨전요리,남성,74113,1988177266
202109,별식/퓨전요리,여성,61633,1810202737
202109,부페,남성,12896,433381421
202109,부페,여성,7854,258138973
202109,분식,남성,469298,8599896353
202109,분식,여성,444395,7763153948
202109,양식,남성,154392,6423925804
202109,양식,여성,161584,5995758704
202109,유흥주점,남성,27569,2633025612
202109,유흥주점,여성,21461,838311355
202109,일식/수산물,남성,358582,24801820028
202109,일식/수산물,여성,306363,19932338124
202109,제과/제빵/떡/케익,남성,426309,6864822416
202109,제과/제빵/떡/케익,여성,550421,8689623961
202109,중식,남성,224686,5729304324
202109,중식,여성,148143,3804002355
202109,커피/음료,남성,1058019,13791371675
202109,커피/음료,여성,1240432,15834795438
202109,패스트푸드,남성,390516,5419499653
202109,패스트푸드,여성,389083,5303774141
202109,한식,남성,1500145,60168056812
202109,한식,여성,1137895,43227169918