visit_date_num,visitor_local,local_corona,gender_label,category_label,sales_per_counts
201901_1,1024130.0,0.0,0,0,52375.71011760427
201901_2,1024130.0,0.0,1,0,39828.58686711849
201901_3,1024130.0,0.0,0,1,67238.87505916269
201901_4,1024130.0,0.0,1,1,62091.287408106175
201901_5,1024130.0,0.0,0,2,27580.661823141105
201901_6,1024130.0,0.0,1,2,26132.476500147797
201901_7,1024130.0,0.0,0,3,27286.830035971223
201901_8,1024130.0,0.0,1,3,28908.989094538196
201901_9,1024130.0,0.0,0,4,46723.55331819019
201901_10,1024130.0,0.0,1,4,62842.26463963964
201901_11,1024130.0,0.0,0,5,20079.60711618422
201901_12,1024130.0,0.0,1,5,18667.89511372875
201901_13,1024130.0,0.0,0,6,39518.414099602836
201901_14,1024130.0,0.0,1,6,35269.11171401431
201901_15,1024130.0,0.0,0,7,200962.87340836585
201901_16,1024130.0,0.0,1,7,103138.30295219684
201901_17,1024130.0,0.0,0,8,69783.7170330016
201901_18,1024130.0,0.0,1,8,64617.32794844839
201901_19,1024130.0,0.0,0,9,15207.676193507954
201901_20,1024130.0,0.0,1,9,14605.997924687268
201901_21,1024130.0,0.0,0,10,28118.165436295938
201901_22,1024130.0,0.0,1,10,29870.453799744148
201901_23,1024130.0,0.0,0,11,13595.790378634818
201901_24,1024130.0,0.0,1,11,13673.054513457286
201901_25,1024130.0,0.0,0,12,13125.93277229726
201901_26,1024130.0,0.0,1,12,12867.438130804587
201901_27,1024130.0,0.0,0,13,41844.64360808566
201901_28,1024130.0,0.0,1,13,38477.08394746399
201902_1,998890.0,0.0,0,0,52940.12069388176
201902_2,998890.0,0.0,1,0,39436.19196751213
201902_3,998890.0,0.0,0,1,68594.4640053093
201902_4,998890.0,0.0,1,1,65210.17727659522
201902_5,998890.0,0.0,0,2,28328.662271971032
201902_6,998890.0,0.0,1,2,26514.05184246817
201902_7,998890.0,0.0,0,3,28814.002873882895
201902_8,998890.0,0.0,1,3,28640.72020247469
201902_9,998890.0,0.0,0,4,47146.85336795479
201902_10,998890.0,0.0,1,4,61901.56745659315
201902_11,998890.0,0.0,0,5,20793.867203537484
201902_12,998890.0,0.0,1,5,18818.599246978403
201902_13,998890.0,0.0,0,6,41507.066653082846
201902_14,998890.0,0.0,1,6,35404.22268316907
201902_15,998890.0,0.0,0,7,192883.10781555713
201902_16,998890.0,0.0,1,7,94777.75630271736
201902_17,998890.0,0.0,0,8,70613.0206107579
201902_18,998890.0,0.0,1,8,64237.363043219324
201902_19,998890.0,0.0,0,9,16231.039847397584
201902_20,998890.0,0.0,1,9,15902.523952261128
201902_21,998890.0,0.0,0,10,30159.61495986656
201902_22,998890.0,0.0,1,10,29775.920452762086
201902_23,998890.0,0.0,0,11,14250.416195358697
201902_24,998890.0,0.0,1,11,13869.921280674736
201902_25,998890.0,0.0,0,12,13380.300449576638
201902_26,998890.0,0.0,1,12,12751.87089454116
201902_27,998890.0,0.0,0,13,43207.5751403453
201902_28,998890.0,0.0,1,13,39069.24374805401
201903_1,1038223.0,0.0,0,0,53654.70931371654
201903_2,1038223.0,0.0,1,0,41270.32260834592
201903_3,1038223.0,0.0,0,1,65495.588033510954
201903_4,1038223.0,0.0,1,1,61751.039136317384
201903_5,1038223.0,0.0,0,2,28612.859919083814
201903_6,1038223.0,0.0,1,2,25988.656668123764
201903_7,1038223.0,0.0,0,3,29309.100551906224
201903_8,1038223.0,0.0,1,3,28522.384916343904
201903_9,1038223.0,0.0,0,4,44956.70614573111
201903_10,1038223.0,0.0,1,4,56048.61684756508
201903_11,1038223.0,0.0,0,5,18781.128739756972
201903_12,1038223.0,0.0,1,5,17447.610480816882
201903_13,1038223.0,0.0,0,6,38134.30243752874
201903_14,1038223.0,0.0,1,6,34230.94630744176
201903_15,1038223.0,0.0,0,7,204942.44577051207
201903_16,1038223.0,0.0,1,7,98365.2338771246
201903_17,1038223.0,0.0,0,8,67870.97676575452
201903_18,1038223.0,0.0,1,8,63168.50969263513
201903_19,1038223.0,0.0,0,9,15035.998615351033
201903_20,1038223.0,0.0,1,9,14767.933844700428
201903_21,1038223.0,0.0,0,10,28035.94850871383
201903_22,1038223.0,0.0,1,10,28571.835861483956
201903_23,1038223.0,0.0,0,11,13380.761887614737
201903_24,1038223.0,0.0,1,11,13271.927611945031
201903_25,1038223.0,0.0,0,12,12275.18372933487
201903_26,1038223.0,0.0,1,12,12065.876776278827
201903_27,1038223.0,0.0,0,13,42376.73063654143
201903_28,1038223.0,0.0,1,13,38145.025135968375
201904_1,1158666.0,0.0,0,0,54490.95687084628
201904_2,1158666.0,0.0,1,0,40099.0782138477
201904_3,1158666.0,0.0,0,1,65690.16848406054
201904_4,1158666.0,0.0,1,1,61820.4040823417
201904_5,1158666.0,0.0,0,2,28292.878174982074
201904_6,1158666.0,0.0,1,2,26319.179353919288
201904_7,1158666.0,0.0,0,3,28005.98606339221
201904_8,1158666.0,0.0,1,3,26706.398059729883
201904_9,1158666.0,0.0,0,4,51814.66619115549
201904_10,1158666.0,0.0,1,4,46031.048714739576
201904_11,1158666.0,0.0,0,5,19164.43866034554
201904_12,1158666.0,0.0,1,5,17421.056680812926
201904_13,1158666.0,0.0,0,6,39077.6563565533
201904_14,1158666.0,0.0,1,6,33397.777357011364
201904_15,1158666.0,0.0,0,7,202040.2933419701
201904_16,1158666.0,0.0,1,7,96701.89313086896
201904_17,1158666.0,0.0,0,8,70808.8508259588
201904_18,1158666.0,0.0,1,8,66108.79549703958
201904_19,1158666.0,0.0,0,9,15061.614711441196
201904_20,1158666.0,0.0,1,9,14587.094765162936
201904_21,1158666.0,0.0,0,10,27456.3546939834
201904_22,1158666.0,0.0,1,10,29729.537624531902
201904_23,1158666.0,0.0,0,11,13100.557573644763
201904_24,1158666.0,0.0,1,11,12851.206134796157
201904_25,1158666.0,0.0,0,12,12450.92445456599
201904_26,1158666.0,0.0,1,12,11938.595827448884
201904_27,1158666.0,0.0,0,13,42413.70013109206
201904_28,1158666.0,0.0,1,13,39650.70669862023
201905_1,1176059.0,0.0,0,0,50496.10238710227
201905_2,1176059.0,0.0,1,0,38238.46008925167
201905_3,1176059.0,0.0,0,1,65911.35892224897
201905_4,1176059.0,0.0,1,1,62865.23627287854
201905_5,1176059.0,0.0,0,2,29429.851715483688
201905_6,1176059.0,0.0,1,2,26505.302788254623
201905_7,1176059.0,0.0,0,3,28712.206241539858
201905_8,1176059.0,0.0,1,3,28531.899411103277
201905_9,1176059.0,0.0,0,4,45675.358340318526
201905_10,1176059.0,0.0,1,4,58277.627597921666
201905_11,1176059.0,0.0,0,5,19131.985498953993
201905_12,1176059.0,0.0,1,5,17861.004411441896
201905_13,1176059.0,0.0,0,6,38694.99257200206
201905_14,1176059.0,0.0,1,6,33920.41979415549
201905_15,1176059.0,0.0,0,7,197380.16811331717
201905_16,1176059.0,0.0,1,7,95737.32168177419
201905_17,1176059.0,0.0,0,8,70133.74797006203
201905_18,1176059.0,0.0,1,8,64542.7341867663
201905_19,1176059.0,0.0,0,9,15400.644757770831
201905_20,1176059.0,0.0,1,9,14590.297825717875
201905_21,1176059.0,0.0,0,10,27735.4404729445
201905_22,1176059.0,0.0,1,10,28988.29644655399
201905_23,1176059.0,0.0,0,11,13502.692555163765
201905_24,1176059.0,0.0,1,11,13015.76817134033
201905_25,1176059.0,0.0,0,12,12385.417543472566
201905_26,1176059.0,0.0,1,12,12045.123175538753
201905_27,1176059.0,0.0,0,13,43156.31009981098
201905_28,1176059.0,0.0,1,13,39708.33750774762
201906_1,1155020.0,0.0,0,0,53468.687018070865
201906_2,1155020.0,0.0,1,0,39685.329281466846
201906_3,1155020.0,0.0,0,1,65503.79522418274
201906_4,1155020.0,0.0,1,1,60420.909042132305
201906_5,1155020.0,0.0,0,2,29042.559993706327
201906_6,1155020.0,0.0,1,2,26121.12462767824
201906_7,1155020.0,0.0,0,3,26531.39854751432
201906_8,1155020.0,0.0,1,3,27847.033324517324
201906_9,1155020.0,0.0,0,4,43613.822325007706
201906_10,1155020.0,0.0,1,4,57210.913277511965
201906_11,1155020.0,0.0,0,5,19599.74611773687
201906_12,1155020.0,0.0,1,5,18190.79598071221
201906_13,1155020.0,0.0,0,6,38384.41521302871
201906_14,1155020.0,0.0,1,6,34963.998779347756
201906_15,1155020.0,0.0,0,7,193299.49191623073
201906_16,1155020.0,0.0,1,7,93261.41925761421
201906_17,1155020.0,0.0,0,8,67622.22166157463
201906_18,1155020.0,0.0,1,8,65734.38034339384
201906_19,1155020.0,0.0,0,9,14574.39653262074
201906_20,1155020.0,0.0,1,9,14347.16841407471
201906_21,1155020.0,0.0,0,10,26728.388850749638
201906_22,1155020.0,0.0,1,10,28185.961935640633
201906_23,1155020.0,0.0,0,11,13652.692256398008
201906_24,1155020.0,0.0,1,11,13212.390203467448
201906_25,1155020.0,0.0,0,12,12169.534675572622
201906_26,1155020.0,0.0,1,12,12182.362392548484
201906_27,1155020.0,0.0,0,13,42731.82688753867
201906_28,1155020.0,0.0,1,13,39596.5916848637
201907_1,1157447.0,0.0,0,0,51372.68652750774
201907_2,1157447.0,0.0,1,0,37726.826658827325
201907_3,1157447.0,0.0,0,1,63725.783364462106
201907_4,1157447.0,0.0,1,1,61007.88519009381
201907_5,1157447.0,0.0,0,2,28940.856174016524
201907_6,1157447.0,0.0,1,2,26859.562862913404
201907_7,1157447.0,0.0,0,3,27969.658891169143
201907_8,1157447.0,0.0,1,3,26715.103561340788
201907_9,1157447.0,0.0,0,4,47103.56751351352
201907_10,1157447.0,0.0,1,4,49024.38696874483
201907_11,1157447.0,0.0,0,5,18870.66362472111
201907_12,1157447.0,0.0,1,5,17643.056730825923
201907_13,1157447.0,0.0,0,6,39340.81766441024
201907_14,1157447.0,0.0,1,6,35182.47119091386
201907_15,1157447.0,0.0,0,7,192440.07780889855
201907_16,1157447.0,0.0,1,7,94914.37581385855
201907_17,1157447.0,0.0,0,8,65984.16750579065
201907_18,1157447.0,0.0,1,8,60568.33838036086
201907_19,1157447.0,0.0,0,9,14456.580397852109
201907_20,1157447.0,0.0,1,9,14184.8295400026
201907_21,1157447.0,0.0,0,10,26589.849004316948
201907_22,1157447.0,0.0,1,10,27445.682946379802
201907_23,1157447.0,0.0,0,11,13309.941876058005
201907_24,1157447.0,0.0,1,11,13197.852823203026
201907_25,1157447.0,0.0,0,12,12628.307088807269
201907_26,1157447.0,0.0,1,12,12435.170909911823
201907_27,1157447.0,0.0,0,13,41188.970225022225
201907_28,1157447.0,0.0,1,13,38850.68855563477
201908_1,1243132.0,0.0,0,0,50116.54651457541
201908_2,1243132.0,0.0,1,0,38322.14405965203
201908_3,1243132.0,0.0,0,1,65320.36133620079
201908_4,1243132.0,0.0,1,1,61406.097147995766
201908_5,1243132.0,0.0,0,2,28812.75497189026
201908_6,1243132.0,0.0,1,2,26995.470879629447
201908_7,1243132.0,0.0,0,3,28099.8587413366
201908_8,1243132.0,0.0,1,3,27187.036544970768
201908_9,1243132.0,0.0,0,4,42697.454423106785
201908_10,1243132.0,0.0,1,4,50574.33806523094
201908_11,1243132.0,0.0,0,5,19333.885234064604
201908_12,1243132.0,0.0,1,5,17925.878257907298
201908_13,1243132.0,0.0,0,6,38934.79949084129
201908_14,1243132.0,0.0,1,6,35458.22521797731
201908_15,1243132.0,0.0,0,7,186510.45542343459
201908_16,1243132.0,0.0,1,7,80764.68050808736
201908_17,1243132.0,0.0,0,8,64597.531401385335
201908_18,1243132.0,0.0,1,8,61348.3167422077
201908_19,1243132.0,0.0,0,9,14608.125525010611
201908_20,1243132.0,0.0,1,9,14556.271985547415
201908_21,1243132.0,0.0,0,10,27584.52828325395
201908_22,1243132.0,0.0,1,10,27933.68255319149
201908_23,1243132.0,0.0,0,11,13668.386119717994
201908_24,1243132.0,0.0,1,11,13395.28850575516
201908_25,1243132.0,0.0,0,12,12980.718449265525
201908_26,1243132.0,0.0,1,12,12731.67287852414
201908_27,1243132.0,0.0,0,13,42821.3297789498
201908_28,1243132.0,0.0,1,13,39540.58737716584
201909_1,1032478.0,0.0,0,0,53619.90689083815
201909_2,1032478.0,0.0,1,0,39132.14585275387
201909_3,1032478.0,0.0,0,1,63505.70302345295
201909_4,1032478.0,0.0,1,1,61665.544478905445
201909_5,1032478.0,0.0,0,2,28308.454627344523
201909_6,1032478.0,0.0,1,2,25904.214252035006
201909_7,1032478.0,0.0,0,3,26014.693110060503
201909_8,1032478.0,0.0,1,3,27703.194531847945
201909_9,1032478.0,0.0,0,4,48987.34877959927
201909_10,1032478.0,0.0,1,4,59845.75061100792
201909_11,1032478.0,0.0,0,5,18748.70744074516
201909_12,1032478.0,0.0,1,5,16880.837124991285
201909_13,1032478.0,0.0,0,6,38820.53953703922
201909_14,1032478.0,0.0,1,6,35914.657413798275
201909_15,1032478.0,0.0,0,7,194847.1074521817
201909_16,1032478.0,0.0,1,7,92864.34100640129
201909_17,1032478.0,0.0,0,8,67388.24050311524
201909_18,1032478.0,0.0,1,8,64613.16471763099
201909_19,1032478.0,0.0,0,9,15728.515860589469
201909_20,1032478.0,0.0,1,9,15643.574295278646
201909_21,1032478.0,0.0,0,10,27026.899837103105
201909_22,1032478.0,0.0,1,10,26859.60194910293
201909_23,1032478.0,0.0,0,11,13357.377803788071
201909_24,1032478.0,0.0,1,11,13151.144417209336
201909_25,1032478.0,0.0,0,12,12380.003354001907
201909_26,1032478.0,0.0,1,12,12425.816133889659
201909_27,1032478.0,0.0,0,13,41338.47266168954
201909_28,1032478.0,0.0,1,13,37942.90495568013
201910_1,1254419.0,0.0,0,0,49506.561004130235
201910_2,1254419.0,0.0,1,0,38644.14387442039
201910_3,1254419.0,0.0,0,1,65070.79472539892
201910_4,1254419.0,0.0,1,1,61764.08389484872
201910_5,1254419.0,0.0,0,2,28607.216701119818
201910_6,1254419.0,0.0,1,2,26049.620178611298
201910_7,1254419.0,0.0,0,3,25940.242914118586
201910_8,1254419.0,0.0,1,3,26764.056689342404
201910_9,1254419.0,0.0,0,4,51826.86652360515
201910_10,1254419.0,0.0,1,4,49339.13244663906
201910_11,1254419.0,0.0,0,5,18974.9726054427
201910_12,1254419.0,0.0,1,5,17025.22880959033
201910_13,1254419.0,0.0,0,6,39712.70370940743
201910_14,1254419.0,0.0,1,6,32968.170912696405
201910_15,1254419.0,0.0,0,7,190269.9700201376
201910_16,1254419.0,0.0,1,7,98245.70830985147
201910_17,1254419.0,0.0,0,8,69301.70779405723
201910_18,1254419.0,0.0,1,8,64764.59081182672
201910_19,1254419.0,0.0,0,9,15165.334900169324
201910_20,1254419.0,0.0,1,9,14840.590480274443
201910_21,1254419.0,0.0,0,10,26507.08920047876
201910_22,1254419.0,0.0,1,10,28772.428822508693
201910_23,1254419.0,0.0,0,11,13282.16550788139
201910_24,1254419.0,0.0,1,11,13091.168255565666
201910_25,1254419.0,0.0,0,12,12309.449147696367
201910_26,1254419.0,0.0,1,12,12390.427107913503
201910_27,1254419.0,0.0,0,13,43065.47724755848
201910_28,1254419.0,0.0,1,13,39053.37806194626
201911_1,1177768.0,0.0,0,0,50673.26617488442
201911_2,1177768.0,0.0,1,0,38637.23440109032
201911_3,1177768.0,0.0,0,1,65510.111496680205
201911_4,1177768.0,0.0,1,1,60198.60804347598
201911_5,1177768.0,0.0,0,2,28590.095847907683
201911_6,1177768.0,0.0,1,2,25830.624193048236
201911_7,1177768.0,0.0,0,3,25447.911722947578
201911_8,1177768.0,0.0,1,3,26014.198651537576
201911_9,1177768.0,0.0,0,4,49653.01565473632
201911_10,1177768.0,0.0,1,4,45890.95529189236
201911_11,1177768.0,0.0,0,5,18467.598675649886
201911_12,1177768.0,0.0,1,5,17096.81663792515
201911_13,1177768.0,0.0,0,6,38947.82292569243
201911_14,1177768.0,0.0,1,6,33833.68441398578
201911_15,1177768.0,0.0,0,7,199891.1708882445
201911_16,1177768.0,0.0,1,7,100451.76277601323
201911_17,1177768.0,0.0,0,8,73145.24190531345
201911_18,1177768.0,0.0,1,8,63616.79644307112
201911_19,1177768.0,0.0,0,9,15756.896226472689
201911_20,1177768.0,0.0,1,9,15185.42241999223
201911_21,1177768.0,0.0,0,10,25901.541416685184
201911_22,1177768.0,0.0,1,10,26274.44754842127
201911_23,1177768.0,0.0,0,11,12992.926469505217
201911_24,1177768.0,0.0,1,11,13342.988381606405
201911_25,1177768.0,0.0,0,12,12194.128929804954
201911_26,1177768.0,0.0,1,12,12120.714147211915
201911_27,1177768.0,0.0,0,13,43626.693335041135
201911_28,1177768.0,0.0,1,13,38614.54589859105
201912_1,1143772.0,0.0,0,0,49081.8434675454
201912_2,1143772.0,0.0,1,0,40094.77473815587
201912_3,1143772.0,0.0,0,1,67256.47898308304
201912_4,1143772.0,0.0,1,1,62287.545981361945
201912_5,1143772.0,0.0,0,2,28015.938479906774
201912_6,1143772.0,0.0,1,2,26279.00676161959
201912_7,1143772.0,0.0,0,3,26669.25442418512
201912_8,1143772.0,0.0,1,3,27332.825527518627
201912_9,1143772.0,0.0,0,4,55747.22872340425
201912_10,1143772.0,0.0,1,4,49647.19982438535
201912_11,1143772.0,0.0,0,5,18385.26635817556
201912_12,1143772.0,0.0,1,5,17240.756669719234
201912_13,1143772.0,0.0,0,6,40493.83708059256
201912_14,1143772.0,0.0,1,6,37376.81273078834
201912_15,1143772.0,0.0,0,7,193573.61605189898
201912_16,1143772.0,0.0,1,7,99577.95260931438
201912_17,1143772.0,0.0,0,8,70204.87689954048
201912_18,1143772.0,0.0,1,8,62620.62087461588
201912_19,1143772.0,0.0,0,9,15583.691918590639
201912_20,1143772.0,0.0,1,9,15425.857389307754
201912_21,1143772.0,0.0,0,10,27147.490763091064
201912_22,1143772.0,0.0,1,10,27206.55680996648
201912_23,1143772.0,0.0,0,11,13538.374661533988
201912_24,1143772.0,0.0,1,11,13564.931291385547
201912_25,1143772.0,0.0,0,12,13080.46851955533
201912_26,1143772.0,0.0,1,12,12741.581874960964
201912_27,1143772.0,0.0,0,13,42103.18589438382
201912_28,1143772.0,0.0,1,13,38832.72646658434
202001_1,1104438.0,0.0,0,0,51194.099672983546
202001_2,1104438.0,0.0,1,0,39775.876155454476
202001_3,1104438.0,0.0,0,1,66697.93908912588
202001_4,1104438.0,0.0,1,1,63296.85944352773
202001_5,1104438.0,0.0,0,2,28754.6677250716
202001_6,1104438.0,0.0,1,2,26093.15699774573
202001_7,1104438.0,0.0,0,3,25517.516794819912
202001_8,1104438.0,0.0,1,3,27420.096044905007
202001_9,1104438.0,0.0,0,4,48018.47069716776
202001_10,1104438.0,0.0,1,4,67798.29297379414
202001_11,1104438.0,0.0,0,5,19117.5740021089
202001_12,1104438.0,0.0,1,5,17547.015942585695
202001_13,1104438.0,0.0,0,6,40486.899619852324
202001_14,1104438.0,0.0,1,6,35497.10781051156
202001_15,1104438.0,0.0,0,7,187873.22515218647
202001_16,1104438.0,0.0,1,7,90429.16600851552
202001_17,1104438.0,0.0,0,8,69795.97460684551
202001_18,1104438.0,0.0,1,8,64581.48251571949
202001_19,1104438.0,0.0,0,9,16570.42046014867
202001_20,1104438.0,0.0,1,9,15698.229529565115
202001_21,1104438.0,0.0,0,10,27486.693835375507
202001_22,1104438.0,0.0,1,10,27757.935755201597
202001_23,1104438.0,0.0,0,11,13469.235183840461
202001_24,1104438.0,0.0,1,11,13673.99402911944
202001_25,1104438.0,0.0,0,12,12996.362605341046
202001_26,1104438.0,0.0,1,12,12588.479067817603
202001_27,1104438.0,0.0,0,13,41669.015778410394
202001_28,1104438.0,0.0,1,13,38774.06186800267
202002_1,599575.0,3150.0,0,0,50354.833094101086
202002_2,599575.0,3150.0,1,0,43073.35720092915
202002_3,599575.0,3150.0,0,1,62184.504368716975
202002_4,599575.0,3150.0,1,1,57973.99916850439
202002_5,599575.0,3150.0,0,2,27949.59879021018
202002_6,599575.0,3150.0,1,2,26117.046806364917
202002_7,599575.0,3150.0,0,3,26298.98138259489
202002_8,599575.0,3150.0,1,3,26734.25007668555
202002_9,599575.0,3150.0,0,4,36326.392071521
202002_10,599575.0,3150.0,1,4,41175.77272727273
202002_11,599575.0,3150.0,0,5,18315.141124523063
202002_12,599575.0,3150.0,1,5,16987.179113072307
202002_13,599575.0,3150.0,0,6,38564.53132455938
202002_14,599575.0,3150.0,1,6,34782.92548851592
202002_15,599575.0,3150.0,0,7,198566.9099211615
202002_16,599575.0,3150.0,1,7,109760.69066611721
202002_17,599575.0,3150.0,0,8,64308.551075435826
202002_18,599575.0,3150.0,1,8,59675.71784953689
202002_19,599575.0,3150.0,0,9,14342.100805215792
202002_20,599575.0,3150.0,1,9,14869.104226545849
202002_21,599575.0,3150.0,0,10,26391.586688820542
202002_22,599575.0,3150.0,1,10,27363.133212471435
202002_23,599575.0,3150.0,0,11,12207.241987038142
202002_24,599575.0,3150.0,1,11,12712.032240363198
202002_25,599575.0,3150.0,0,12,12943.776203096566
202002_26,599575.0,3150.0,1,12,13109.716334930703
202002_27,599575.0,3150.0,0,13,39309.48998846965
202002_28,599575.0,3150.0,1,13,36184.137220255245
202003_1,477176.0,6636.0,0,0,50327.36617371521
202003_2,477176.0,6636.0,1,0,40947.861182964574
202003_3,477176.0,6636.0,0,1,60126.95017871133
202003_4,477176.0,6636.0,1,1,56266.76411288852
202003_5,477176.0,6636.0,0,2,27593.625625377
202003_6,477176.0,6636.0,1,2,25647.357638497262
202003_7,477176.0,6636.0,0,3,25529.948862027337
202003_8,477176.0,6636.0,1,3,26571.842564768944
202003_9,477176.0,6636.0,0,4,34607.40961636179
202003_10,477176.0,6636.0,1,4,44615.81184978432
202003_11,477176.0,6636.0,0,5,17588.61770673784
202003_12,477176.0,6636.0,1,5,16688.14638710237
202003_13,477176.0,6636.0,0,6,37149.92108398965
202003_14,477176.0,6636.0,1,6,34580.80955443359
202003_15,477176.0,6636.0,0,7,202786.26315135087
202003_16,477176.0,6636.0,1,7,109893.2182761496
202003_17,477176.0,6636.0,0,8,61147.412018924384
202003_18,477176.0,6636.0,1,8,56294.978860435906
202003_19,477176.0,6636.0,0,9,14235.54381991473
202003_20,477176.0,6636.0,1,9,14345.90553294198
202003_21,477176.0,6636.0,0,10,26003.505650253228
202003_22,477176.0,6636.0,1,10,26166.753703196628
202003_23,477176.0,6636.0,0,11,11869.504058696037
202003_24,477176.0,6636.0,1,11,12165.704799622741
202003_25,477176.0,6636.0,0,12,12821.97646544273
202003_26,477176.0,6636.0,1,12,12908.54460658455
202003_27,477176.0,6636.0,0,13,37035.56170249778
202003_28,477176.0,6636.0,1,13,34765.07998768038
202004_1,541099.0,979.0,0,0,49395.62144646232
202004_2,541099.0,979.0,1,0,40266.29009575274
202004_3,541099.0,979.0,0,1,60419.181638995935
202004_4,541099.0,979.0,1,1,58159.02754974985
202004_5,541099.0,979.0,0,2,28063.939906581472
202004_6,541099.0,979.0,1,2,25584.934689760372
202004_7,541099.0,979.0,0,3,25541.364901306868
202004_8,541099.0,979.0,1,3,27356.08139244198
202004_9,541099.0,979.0,0,4,30486.00993902439
202004_10,541099.0,979.0,1,4,36884.83240074607
202004_11,541099.0,979.0,0,5,17531.99090510565
202004_12,541099.0,979.0,1,5,16153.436638323943
202004_13,541099.0,979.0,0,6,37772.62596656265
202004_14,541099.0,979.0,1,6,33897.61959056086
202004_15,541099.0,979.0,0,7,195521.5153700821
202004_16,541099.0,979.0,1,7,107418.72632008283
202004_17,541099.0,979.0,0,8,61859.13705255606
202004_18,541099.0,979.0,1,8,57614.98998141879
202004_19,541099.0,979.0,0,9,14555.241487382724
202004_20,541099.0,979.0,1,9,15345.591482796655
202004_21,541099.0,979.0,0,10,26415.536392978207
202004_22,541099.0,979.0,1,10,25542.935508287246
202004_23,541099.0,979.0,0,11,11920.800335297141
202004_24,541099.0,979.0,1,11,12043.914845023202
202004_25,541099.0,979.0,0,12,12597.178809489556
202004_26,541099.0,979.0,1,12,12618.17190617718
202004_27,541099.0,979.0,0,13,39088.32795675148
202004_28,541099.0,979.0,1,13,35484.04476397212
202005_1,765616.0,703.0,0,0,48155.552046251294
202005_2,765616.0,703.0,1,0,39178.86316293872
202005_3,765616.0,703.0,0,1,63480.234840658326
202005_4,765616.0,703.0,1,1,60390.923609483456
202005_5,765616.0,703.0,0,2,27867.830568289548
202005_6,765616.0,703.0,1,2,26064.278969862335
202005_7,765616.0,703.0,0,3,26655.516529556207
202005_8,765616.0,703.0,1,3,28686.663557911845
202005_9,765616.0,703.0,0,4,43653.240167570235
202005_10,765616.0,703.0,1,4,47871.91142349056
202005_11,765616.0,703.0,0,5,18011.951149066623
202005_12,765616.0,703.0,1,5,16643.549920906808
202005_13,765616.0,703.0,0,6,39493.61244636306
202005_14,765616.0,703.0,1,6,35642.618001520284
202005_15,765616.0,703.0,0,7,190999.75029642653
202005_16,765616.0,703.0,1,7,92445.39441853859
202005_17,765616.0,703.0,0,8,64537.25654109457
202005_18,765616.0,703.0,1,8,58266.08889603596
202005_19,765616.0,703.0,0,9,15079.573597274572
202005_20,765616.0,703.0,1,9,15635.445490611955
202005_21,765616.0,703.0,0,10,26729.410854290923
202005_22,765616.0,703.0,1,10,26784.471582816448
202005_23,765616.0,703.0,0,11,12396.130224951163
202005_24,765616.0,703.0,1,11,12570.730864808049
202005_25,765616.0,703.0,0,12,12835.773377475693
202005_26,765616.0,703.0,1,12,12681.65077017752
202005_27,765616.0,703.0,0,13,39993.401278357225
202005_28,765616.0,703.0,1,13,37368.46189368456
202006_1,860528.0,1332.0,0,0,48080.83288186161
202006_2,860528.0,1332.0,1,0,38447.58562559478
202006_3,860528.0,1332.0,0,1,63702.18952356708
202006_4,860528.0,1332.0,1,1,59002.515527419986
202006_5,860528.0,1332.0,0,2,28025.676124520945
202006_6,860528.0,1332.0,1,2,26843.347119510196
202006_7,860528.0,1332.0,0,3,25939.885407738006
202006_8,860528.0,1332.0,1,3,27392.931184544992
202006_9,860528.0,1332.0,0,4,37825.46415506415
202006_10,860528.0,1332.0,1,4,44695.46619653534
202006_11,860528.0,1332.0,0,5,18148.419414269614
202006_12,860528.0,1332.0,1,5,16647.028399873747
202006_13,860528.0,1332.0,0,6,40574.2598853537
202006_14,860528.0,1332.0,1,6,35720.12859040694
202006_15,860528.0,1332.0,0,7,199967.9719937567
202006_16,860528.0,1332.0,1,7,99915.8533073109
202006_17,860528.0,1332.0,0,8,64544.59368278521
202006_18,860528.0,1332.0,1,8,58757.48145132946
202006_19,860528.0,1332.0,0,9,14604.05333264369
202006_20,860528.0,1332.0,1,9,14869.415712608165
202006_21,860528.0,1332.0,0,10,25618.264490755173
202006_22,860528.0,1332.0,1,10,25059.81329677521
202006_23,860528.0,1332.0,0,11,12643.306769162898
202006_24,860528.0,1332.0,1,11,12691.473184611747
202006_25,860528.0,1332.0,0,12,13089.125085195892
202006_26,860528.0,1332.0,1,12,12489.595197128934
202006_27,860528.0,1332.0,0,13,39208.75695636589
202006_28,860528.0,1332.0,1,13,36864.09697299567
202007_1,988094.0,1505.0,0,0,48494.552749739036
202007_2,988094.0,1505.0,1,0,37878.32125424751
202007_3,988094.0,1505.0,0,1,63961.21165992856
202007_4,988094.0,1505.0,1,1,60110.285019235744
202007_5,988094.0,1505.0,0,2,29210.82618616382
202007_6,988094.0,1505.0,1,2,26901.85128713653
202007_7,988094.0,1505.0,0,3,25471.72762340063
202007_8,988094.0,1505.0,1,3,27135.00796940352
202007_9,988094.0,1505.0,0,4,46327.533103299545
202007_10,988094.0,1505.0,1,4,41668.35285700658
202007_11,988094.0,1505.0,0,5,18400.045288189835
202007_12,988094.0,1505.0,1,5,16956.417264573993
202007_13,988094.0,1505.0,0,6,41009.958288087655
202007_14,988094.0,1505.0,1,6,35007.52209658999
202007_15,988094.0,1505.0,0,7,198491.2375582072
202007_16,988094.0,1505.0,1,7,90338.09934397951
202007_17,988094.0,1505.0,0,8,66578.55737667222
202007_18,988094.0,1505.0,1,8,59120.764727110145
202007_19,988094.0,1505.0,0,9,14987.111075697661
202007_20,988094.0,1505.0,1,9,15183.036356781435
202007_21,988094.0,1505.0,0,10,26917.35270113159
202007_22,988094.0,1505.0,1,10,26396.136922021295
202007_23,988094.0,1505.0,0,11,13114.064751633176
202007_24,988094.0,1505.0,1,11,13107.920966694863
202007_25,988094.0,1505.0,0,12,13182.551733034688
202007_26,988094.0,1505.0,1,12,12383.927975209735
202007_27,988094.0,1505.0,0,13,40944.44297491405
202007_28,988094.0,1505.0,1,13,37301.451556397566
202008_1,1127097.0,5642.0,0,0,47640.91258704113
202008_2,1127097.0,5642.0,1,0,37511.072942079016
202008_3,1127097.0,5642.0,0,1,65981.11542354531
202008_4,1127097.0,5642.0,1,1,61660.34226441462
202008_5,1127097.0,5642.0,0,2,28970.739453128535
202008_6,1127097.0,5642.0,1,2,26877.43626767113
202008_7,1127097.0,5642.0,0,3,26973.777463741168
202008_8,1127097.0,5642.0,1,3,27287.75351661784
202008_9,1127097.0,5642.0,0,4,40703.48938952026
202008_10,1127097.0,5642.0,1,4,49951.95353239824
202008_11,1127097.0,5642.0,0,5,19244.549718120616
202008_12,1127097.0,5642.0,1,5,17889.316499706427
202008_13,1127097.0,5642.0,0,6,42717.435946145146
202008_14,1127097.0,5642.0,1,6,37566.19015982184
202008_15,1127097.0,5642.0,0,7,189631.67412435514
202008_16,1127097.0,5642.0,1,7,92518.37836964894
202008_17,1127097.0,5642.0,0,8,67068.56642150362
202008_18,1127097.0,5642.0,1,8,60272.77236191496
202008_19,1127097.0,5642.0,0,9,15567.881697868377
202008_20,1127097.0,5642.0,1,9,15439.799002477801
202008_21,1127097.0,5642.0,0,10,27776.0491704767
202008_22,1127097.0,5642.0,1,10,27770.72464730939
202008_23,1127097.0,5642.0,0,11,13918.101832212029
202008_24,1127097.0,5642.0,1,11,13581.964565188831
202008_25,1127097.0,5642.0,0,12,13550.237532574858
202008_26,1127097.0,5642.0,1,12,13481.380793454126
202008_27,1127097.0,5642.0,0,13,42135.77633056678
202008_28,1127097.0,5642.0,1,13,39149.917727676744
202009_1,726169.0,3865.0,0,0,48919.47153176248
202009_2,726169.0,3865.0,1,0,37875.57260161214
202009_3,726169.0,3865.0,0,1,61001.43262606559
202009_4,726169.0,3865.0,1,1,56088.33017004492
202009_5,726169.0,3865.0,0,2,27222.625714008016
202009_6,726169.0,3865.0,1,2,25604.67439880515
202009_7,726169.0,3865.0,0,3,25033.575100591715
202009_8,726169.0,3865.0,1,3,26479.58591432301
202009_9,726169.0,3865.0,0,4,36125.969665362885
202009_10,726169.0,3865.0,1,4,41079.45518059583
202009_11,726169.0,3865.0,0,5,17557.86780014122
202009_12,726169.0,3865.0,1,5,16130.109408268387
202009_13,726169.0,3865.0,0,6,41375.61266389287
202009_14,726169.0,3865.0,1,6,35990.63330895822
202009_15,726169.0,3865.0,0,7,200881.07211897828
202009_16,726169.0,3865.0,1,7,95017.62334748333
202009_17,726169.0,3865.0,0,8,65042.62506315264
202009_18,726169.0,3865.0,1,8,60942.494168941055
202009_19,726169.0,3865.0,0,9,16326.452113005793
202009_20,726169.0,3865.0,1,9,15785.01151602145
202009_21,726169.0,3865.0,0,10,25885.66990674472
202009_22,726169.0,3865.0,1,10,26029.270078671398
202009_23,726169.0,3865.0,0,11,12639.609333960538
202009_24,726169.0,3865.0,1,11,12450.637355365425
202009_25,726169.0,3865.0,0,12,12978.40648938579
202009_26,726169.0,3865.0,1,12,12736.054532428674
202009_27,726169.0,3865.0,0,13,38479.18567091072
202009_28,726169.0,3865.0,1,13,35159.12731421654
202010_1,1072455.0,2699.0,0,0,47452.89451695089
202010_2,1072455.0,2699.0,1,0,37123.87424852034
202010_3,1072455.0,2699.0,0,1,65003.27060878895
202010_4,1072455.0,2699.0,1,1,60887.5196023348
202010_5,1072455.0,2699.0,0,2,27993.530364913902
202010_6,1072455.0,2699.0,1,2,26248.582306841538
202010_7,1072455.0,2699.0,0,3,25724.042861446214
202010_8,1072455.0,2699.0,1,3,27316.475002248808
202010_9,1072455.0,2699.0,0,4,39496.28369612224
202010_10,1072455.0,2699.0,1,4,47265.66654987152
202010_11,1072455.0,2699.0,0,5,18216.051418700154
202010_12,1072455.0,2699.0,1,5,17001.12107382493
202010_13,1072455.0,2699.0,0,6,40664.47131424979
202010_14,1072455.0,2699.0,1,6,37079.69803606976
202010_15,1072455.0,2699.0,0,7,188995.52525114932
202010_16,1072455.0,2699.0,1,7,83490.95532876025
202010_17,1072455.0,2699.0,0,8,68890.10334487018
202010_18,1072455.0,2699.0,1,8,61824.692650850724
202010_19,1072455.0,2699.0,0,9,15457.38955395706
202010_20,1072455.0,2699.0,1,9,15267.325029574096
202010_21,1072455.0,2699.0,0,10,26802.92226659443
202010_22,1072455.0,2699.0,1,10,26199.223360105712
202010_23,1072455.0,2699.0,0,11,13446.233573081083
202010_24,1072455.0,2699.0,1,11,13456.2191981115
202010_25,1072455.0,2699.0,0,12,13198.433012668422
202010_26,1072455.0,2699.0,1,12,12805.563712519357
202010_27,1072455.0,2699.0,0,13,41251.88948414698
202010_28,1072455.0,2699.0,1,13,37573.63360062972
202011_1,1138369.0,7690.0,0,0,47195.546956643084
202011_2,1138369.0,7690.0,1,0,37923.31897751173
202011_3,1138369.0,7690.0,0,1,67669.24268427452
202011_4,1138369.0,7690.0,1,1,61645.41635302736
202011_5,1138369.0,7690.0,0,2,28053.592786067835
202011_6,1138369.0,7690.0,1,2,25804.49140038919
202011_7,1138369.0,7690.0,0,3,25931.98370453905
202011_8,1138369.0,7690.0,1,3,28956.718668625224
202011_9,1138369.0,7690.0,0,4,63088.74460803306
202011_10,1138369.0,7690.0,1,4,48889.892221871385
202011_11,1138369.0,7690.0,0,5,18456.03476308107
202011_12,1138369.0,7690.0,1,5,17530.562281941657
202011_13,1138369.0,7690.0,0,6,41452.50958117086
202011_14,1138369.0,7690.0,1,6,36049.76646895383
202011_15,1138369.0,7690.0,0,7,193888.43268273683
202011_16,1138369.0,7690.0,1,7,94099.97574703481
202011_17,1138369.0,7690.0,0,8,71115.69398285708
202011_18,1138369.0,7690.0,1,8,61520.10147202
202011_19,1138369.0,7690.0,0,9,16369.830011091579
202011_20,1138369.0,7690.0,1,9,15924.02483407756
202011_21,1138369.0,7690.0,0,10,27016.983707477346
202011_22,1138369.0,7690.0,1,10,26598.844021483215
202011_23,1138369.0,7690.0,0,11,13438.129787848864
202011_24,1138369.0,7690.0,1,11,13600.380435025638
202011_25,1138369.0,7690.0,0,12,13603.149064291527
202011_26,1138369.0,7690.0,1,12,13072.181051705968
202011_27,1138369.0,7690.0,0,13,41857.91754260851
202011_28,1138369.0,7690.0,1,13,38533.12963733328
202012_1,623062.0,26539.0,0,0,47325.72934040318
202012_2,623062.0,26539.0,1,0,37612.695790645565
202012_3,623062.0,26539.0,0,1,59557.09178171338
202012_4,623062.0,26539.0,1,1,55904.790592608144
202012_5,623062.0,26539.0,0,2,25608.56723004839
202012_6,623062.0,26539.0,1,2,24873.511718826838
202012_7,623062.0,26539.0,0,3,24937.366672960132
202012_8,623062.0,26539.0,1,3,26850.10937784891
202012_9,623062.0,26539.0,0,4,44369.32415141283
202012_10,623062.0,26539.0,1,4,61405.044025157236
202012_11,623062.0,26539.0,0,5,17413.087643817744
202012_12,623062.0,26539.0,1,5,16181.212923078783
202012_13,623062.0,26539.0,0,6,41597.52635353507
202012_14,623062.0,26539.0,1,6,36081.11946307417
202012_15,623062.0,26539.0,0,7,198598.83352057147
202012_16,623062.0,26539.0,1,7,98062.13292994232
202012_17,623062.0,26539.0,0,8,65692.2467011268
202012_18,623062.0,26539.0,1,8,60047.77843044039
202012_19,623062.0,26539.0,0,9,16115.809495173644
202012_20,623062.0,26539.0,1,9,15982.392600350322
202012_21,623062.0,26539.0,0,10,26277.986720528388
202012_22,623062.0,26539.0,1,10,26771.226748978115
202012_23,623062.0,26539.0,0,11,12617.810359648767
202012_24,623062.0,26539.0,1,11,12819.189206655026
202012_25,623062.0,26539.0,0,12,13756.011426868688
202012_26,623062.0,26539.0,1,12,13629.834244256175
202012_27,623062.0,26539.0,0,13,37485.074020333945
202012_28,623062.0,26539.0,1,13,35175.95353014541
202101_1,465672.0,16655.0,0,0,42453.03781415725
202101_2,465672.0,16655.0,1,0,36385.01969112765
202101_3,465672.0,16655.0,0,1,58043.452044178455
202101_4,465672.0,16655.0,1,1,53412.74154937022
202101_5,465672.0,16655.0,0,2,25174.784283171906
202101_6,465672.0,16655.0,1,2,24103.36764401893
202101_7,465672.0,16655.0,0,3,24562.66890303624
202101_8,465672.0,16655.0,1,3,26854.65573979592
202101_9,465672.0,16655.0,0,4,45038.39981414798
202101_10,465672.0,16655.0,1,4,43880.09319899244
202101_11,465672.0,16655.0,0,5,17086.631096629364
202101_12,465672.0,16655.0,1,5,16115.436376675789
202101_13,465672.0,16655.0,0,6,36963.39210192646
202101_14,465672.0,16655.0,1,6,34107.94232581454
202101_15,465672.0,16655.0,0,7,247081.23021800566
202101_16,465672.0,16655.0,1,7,46892.216001495464
202101_17,465672.0,16655.0,0,8,64048.57699855402
202101_18,465672.0,16655.0,1,8,60198.13936070979
202101_19,465672.0,16655.0,0,9,14971.662019993393
202101_20,465672.0,16655.0,1,9,14617.613925173659
202101_21,465672.0,16655.0,0,10,26703.694621566257
202101_22,465672.0,16655.0,1,10,25862.394251692982
202101_23,465672.0,16655.0,0,11,12421.605857071
202101_24,465672.0,16655.0,1,11,12301.229408714882
202101_25,465672.0,16655.0,0,12,13624.348350709974
202101_26,465672.0,16655.0,1,12,13550.53560298103
202101_27,465672.0,16655.0,0,13,35530.141120861976
202101_28,465672.0,16655.0,1,13,33307.547202867456
202102_1,790712.0,12281.0,0,0,46857.23319390033
202102_2,790712.0,12281.0,1,0,36863.77923525377
202102_3,790712.0,12281.0,0,1,62846.405442194395
202102_4,790712.0,12281.0,1,1,58335.15968602234
202102_5,790712.0,12281.0,0,2,26570.04520968983
202102_6,790712.0,12281.0,1,2,25066.719751091965
202102_7,790712.0,12281.0,0,3,26208.663004550253
202102_8,790712.0,12281.0,1,3,27735.05150334675
202102_9,790712.0,12281.0,0,4,64252.456390809726
202102_10,790712.0,12281.0,1,4,35599.65977811616
202102_11,790712.0,12281.0,0,5,18159.983041063977
202102_12,790712.0,12281.0,1,5,17006.959523439255
202102_13,790712.0,12281.0,0,6,41979.29761386147
202102_14,790712.0,12281.0,1,6,36737.873482985
202102_15,790712.0,12281.0,0,7,135463.63609516542
202102_16,790712.0,12281.0,1,7,65716.95865921788
202102_17,790712.0,12281.0,0,8,67285.39899692794
202102_18,790712.0,12281.0,1,8,60188.13185391581
202102_19,790712.0,12281.0,0,9,16643.80001281241
202102_20,790712.0,12281.0,1,9,16691.181021358363
202102_21,790712.0,12281.0,0,10,26042.215650257163
202102_22,790712.0,12281.0,1,10,26654.86107710607
202102_23,790712.0,12281.0,0,11,13209.826541964901
202102_24,790712.0,12281.0,1,11,13264.255031124456
202102_25,790712.0,12281.0,0,12,13529.512422514257
202102_26,790712.0,12281.0,1,12,13710.100404557797
202102_27,790712.0,12281.0,0,13,38835.56182898291
202102_28,790712.0,12281.0,1,13,36196.87706325073
202103_1,889216.0,13412.0,0,0,47221.25045905251
202103_2,889216.0,13412.0,1,0,37137.679587415645
202103_3,889216.0,13412.0,0,1,61420.84366041816
202103_4,889216.0,13412.0,1,1,58334.62862533433
202103_5,889216.0,13412.0,0,2,27125.253987834087
202103_6,889216.0,13412.0,1,2,26026.67397296233
202103_7,889216.0,13412.0,0,3,25993.34714217913
202103_8,889216.0,13412.0,1,3,28576.518413597732
202103_9,889216.0,13412.0,0,4,33505.968523568365
202103_10,889216.0,13412.0,1,4,33444.177832664405
202103_11,889216.0,13412.0,0,5,17431.666860536236
202103_12,889216.0,13412.0,1,5,16815.646829254412
202103_13,889216.0,13412.0,0,6,41389.14024834642
202103_14,889216.0,13412.0,1,6,35542.63217146713
202103_15,889216.0,13412.0,0,7,197026.322352836
202103_16,889216.0,13412.0,1,7,94106.31838134829
202103_17,889216.0,13412.0,0,8,63954.716548430835
202103_18,889216.0,13412.0,1,8,61014.03241697808
202103_19,889216.0,13412.0,0,9,16231.013510103721
202103_20,889216.0,13412.0,1,9,15707.967263713299
202103_21,889216.0,13412.0,0,10,25240.582601694416
202103_22,889216.0,13412.0,1,10,24958.882217804286
202103_23,889216.0,13412.0,0,11,12641.23739826149
202103_24,889216.0,13412.0,1,11,13032.623301702306
202103_25,889216.0,13412.0,0,12,13060.086311079582
202103_26,889216.0,13412.0,1,12,13442.905836126125
202103_27,889216.0,13412.0,0,13,37706.453286509284
202103_28,889216.0,13412.0,1,13,36425.64409960562
202104_1,1078759.0,18919.0,0,0,45134.581157666325
202104_2,1078759.0,18919.0,1,0,36102.406582531105
202104_3,1078759.0,18919.0,0,1,64306.55691588026
202104_4,1078759.0,18919.0,1,1,60709.55205604838
202104_5,1078759.0,18919.0,0,2,27948.471643692807
202104_6,1078759.0,18919.0,1,2,25404.795691166382
202104_7,1078759.0,18919.0,0,3,25755.382883979324
202104_8,1078759.0,18919.0,1,3,29386.908391900353
202104_9,1078759.0,18919.0,0,4,32185.33617626155
202104_10,1078759.0,18919.0,1,4,33109.22178165477
202104_11,1078759.0,18919.0,0,5,18376.70792346249
202104_12,1078759.0,18919.0,1,5,17265.452027069106
202104_13,1078759.0,18919.0,0,6,42239.3943581412
202104_14,1078759.0,18919.0,1,6,36485.15180193478
202104_15,1078759.0,18919.0,0,7,191485.58357224613
202104_16,1078759.0,18919.0,1,7,85147.24286314021
202104_17,1078759.0,18919.0,0,8,67668.22540663223
202104_18,1078759.0,18919.0,1,8,61487.07789022614
202104_19,1078759.0,18919.0,0,9,16598.47729252859
202104_20,1078759.0,18919.0,1,9,16092.318282937047
202104_21,1078759.0,18919.0,0,10,24910.220655351455
202104_22,1078759.0,18919.0,1,10,24991.11991134715
202104_23,1078759.0,18919.0,0,11,13095.000562174211
202104_24,1078759.0,18919.0,1,11,13419.10333508778
202104_25,1078759.0,18919.0,0,12,12981.296254560912
202104_26,1078759.0,18919.0,1,12,13126.911011843971
202104_27,1078759.0,18919.0,0,13,39658.0298163412
202104_28,1078759.0,18919.0,1,13,37171.312727679055
202105_1,1132368.0,18333.0,0,0,46407.47767162017
202105_2,1132368.0,18333.0,1,0,37666.02503960824
202105_3,1132368.0,18333.0,0,1,64555.056355965455
202105_4,1132368.0,18333.0,1,1,60378.581760028246
202105_5,1132368.0,18333.0,0,2,28251.671411208354
202105_6,1132368.0,18333.0,1,2,25645.6257906598
202105_7,1132368.0,18333.0,0,3,27945.059602861966
202105_8,1132368.0,18333.0,1,3,31340.78163976179
202105_9,1132368.0,18333.0,0,4,33535.229268292685
202105_10,1132368.0,18333.0,1,4,33154.711265314974
202105_11,1132368.0,18333.0,0,5,18019.865741075144
202105_12,1132368.0,18333.0,1,5,17150.804245202307
202105_13,1132368.0,18333.0,0,6,44881.42234141919
202105_14,1132368.0,18333.0,1,6,38377.69153262175
202105_15,1132368.0,18333.0,0,7,174243.6122385547
202105_16,1132368.0,18333.0,1,7,84283.14884058751
202105_17,1132368.0,18333.0,0,8,69970.50048678073
202105_18,1132368.0,18333.0,1,8,64966.00264830508
202105_19,1132368.0,18333.0,0,9,16030.33804372207
202105_20,1132368.0,18333.0,1,9,15465.034856663104
202105_21,1132368.0,18333.0,0,10,25150.918117665948
202105_22,1132368.0,18333.0,1,10,25393.072625264722
202105_23,1132368.0,18333.0,0,11,12945.430650916294
202105_24,1132368.0,18333.0,1,11,12828.115962458567
202105_25,1132368.0,18333.0,0,12,14050.24076399764
202105_26,1132368.0,18333.0,1,12,13683.735122669912
202105_27,1132368.0,18333.0,0,13,40452.49039439009
202105_28,1132368.0,18333.0,1,13,38182.31169779319
202106_1,1134254.0,16621.0,0,0,45337.311446074986
202106_2,1134254.0,16621.0,1,0,37582.86645476485
202106_3,1134254.0,16621.0,0,1,64274.1241466818
202106_4,1134254.0,16621.0,1,1,59889.60882522363
202106_5,1134254.0,16621.0,0,2,28153.498158736136
202106_6,1134254.0,16621.0,1,2,25551.019168281837
202106_7,1134254.0,16621.0,0,3,26741.062662634504
202106_8,1134254.0,16621.0,1,3,29050.220456486426
202106_9,1134254.0,16621.0,0,4,33454.35525961797
202106_10,1134254.0,16621.0,1,4,32798.244544940644
202106_11,1134254.0,16621.0,0,5,18255.33147760798
202106_12,1134254.0,16621.0,1,5,17321.980071450605
202106_13,1134254.0,16621.0,0,6,41808.663291424906
202106_14,1134254.0,16621.0,1,6,37054.67564299908
202106_15,1134254.0,16621.0,0,7,146595.5840266944
202106_16,1134254.0,16621.0,1,7,65453.35535644722
202106_17,1134254.0,16621.0,0,8,70519.74582652096
202106_18,1134254.0,16621.0,1,8,65179.49692201889
202106_19,1134254.0,16621.0,0,9,15896.780981282365
202106_20,1134254.0,16621.0,1,9,15545.106790089241
202106_21,1134254.0,16621.0,0,10,25180.46436819247
202106_22,1134254.0,16621.0,1,10,25324.699026078084
202106_23,1134254.0,16621.0,0,11,12661.171316772745
202106_24,1134254.0,16621.0,1,11,12688.940572459109
202106_25,1134254.0,16621.0,0,12,13782.417324788199
202106_26,1134254.0,16621.0,1,12,13353.478721921378
202106_27,1134254.0,16621.0,0,13,40292.73828413086
202106_28,1134254.0,16621.0,1,13,37930.1242676256
202107_1,1126885.0,41384.0,0,0,45497.90344952095
202107_2,1126885.0,41384.0,1,0,37701.42712731445
202107_3,1126885.0,41384.0,0,1,64366.79673080956
202107_4,1126885.0,41384.0,1,1,60264.87836758538
202107_5,1126885.0,41384.0,0,2,28552.432429488228
202107_6,1126885.0,41384.0,1,2,25888.667028501917
202107_7,1126885.0,41384.0,0,3,26704.362041422995
202107_8,1126885.0,41384.0,1,3,29735.6183369951
202107_9,1126885.0,41384.0,0,4,34236.936409395974
202107_10,1126885.0,41384.0,1,4,33286.05905077263
202107_11,1126885.0,41384.0,0,5,18209.532093099464
202107_12,1126885.0,41384.0,1,5,17251.22873716773
202107_13,1126885.0,41384.0,0,6,42805.445885808374
202107_14,1126885.0,41384.0,1,6,37482.5127266783
202107_15,1126885.0,41384.0,0,7,157746.04560401692
202107_16,1126885.0,41384.0,1,7,75043.87549601369
202107_17,1126885.0,41384.0,0,8,69843.80840121054
202107_18,1126885.0,41384.0,1,8,64627.229945174164
202107_19,1126885.0,41384.0,0,9,15920.307270764853
202107_20,1126885.0,41384.0,1,9,15296.974054191038
202107_21,1126885.0,41384.0,0,10,25355.254448824813
202107_22,1126885.0,41384.0,1,10,25413.41225545895
202107_23,1126885.0,41384.0,0,11,12819.835294401451
202107_24,1126885.0,41384.0,1,11,12770.934173924034
202107_25,1126885.0,41384.0,0,12,13877.637974884374
202107_26,1126885.0,41384.0,1,12,13413.450574341112
202107_27,1126885.0,41384.0,0,13,40445.40262880856
202107_28,1126885.0,41384.0,1,13,38012.5307899668
202108_1,969818.0,53076.0,0,0,44589.812902360514
202108_2,969818.0,53076.0,1,0,36960.0027357999
202108_3,969818.0,53076.0,0,1,64768.68600798253
202108_4,969818.0,53076.0,1,1,60542.06243914949
202108_5,969818.0,53076.0,0,2,28185.353982454675
202108_6,969818.0,53076.0,1,2,25551.992155189244
202108_7,969818.0,53076.0,0,3,26450.74794560492
202108_8,969818.0,53076.0,1,3,29097.89566382381
202108_9,969818.0,53076.0,0,4,33612.8062237379
202108_10,969818.0,53076.0,1,4,33322.16979437014
202108_11,969818.0,53076.0,0,5,18394.529187623837
202108_12,969818.0,53076.0,1,5,17530.693886314708
202108_13,969818.0,53076.0,0,6,41987.15137646131
202108_14,969818.0,53076.0,1,6,37076.50560004329
202108_15,969818.0,53076.0,0,7,58158.41151650534
202108_16,969818.0,53076.0,1,7,32384.948029056726
202108_17,969818.0,53076.0,0,8,69545.2482919434
202108_18,969818.0,53076.0,1,8,64498.64105783821
202108_19,969818.0,53076.0,0,9,15665.095436237532
202108_20,969818.0,53076.0,1,9,15223.248729441097
202108_21,969818.0,53076.0,0,10,25611.61021043198
202108_22,969818.0,53076.0,1,10,25700.49592380997
202108_23,969818.0,53076.0,0,11,13140.160011606255
202108_24,969818.0,53076.0,1,11,12880.389499140094
202108_25,969818.0,53076.0,0,12,14074.88579034188
202108_26,969818.0,53076.0,1,12,13723.791772379582
202108_27,969818.0,53076.0,0,13,40578.612360175495
202108_28,969818.0,53076.0,1,13,38289.8081409711
202109_1,867371.0,59868.0,0,0,45183.60198590862
202109_2,867371.0,59868.0,1,0,36610.41408921746
202109_3,867371.0,59868.0,0,1,64725.43540624847
202109_4,867371.0,59868.0,1,1,60490.32879743855
202109_5,867371.0,59868.0,0,2,28216.24868302367
202109_6,867371.0,59868.0,1,2,25636.169935517097
202109_7,867371.0,59868.0,0,3,26826.295872518993
202109_8,867371.0,59868.0,1,3,29370.673778657536
202109_9,867371.0,59868.0,0,4,33605.87941997519
202109_10,867371.0,59868.0,1,4,32867.19798828622
202109_11,867371.0,59868.0,0,5,18325.022380236012
202109_12,867371.0,59868.0,1,5,17469.039813679272
202109_13,867371.0,59868.0,0,6,41607.89292191305
202109_14,867371.0,59868.0,1,6,37106.14110307951
202109_15,867371.0,59868.0,0,7,95506.75077079328
202109_16,867371.0,59868.0,1,7,39062.082614976
202109_17,867371.0,59868.0,0,8,69166.38322057437
202109_18,867371.0,59868.0,1,8,65061.17946357752
202109_19,867371.0,59868.0,0,9,16102.926318703101
202109_20,867371.0,59868.0,1,9,15787.231884321274
202109_21,867371.0,59868.0,0,10,25499.16026810749
202109_22,867371.0,59868.0,1,10,25677.908203560073
202109_23,867371.0,59868.0,0,11,13035.088854737014
202109_24,867371.0,59868.0,1,11,12765.548968423904
202109_25,867371.0,59868.0,0,12,13877.79157063987
202109_26,867371.0,59868.0,1,12,13631.472310535284
202109_27,867371.0,59868.0,0,13,40108.16075246059
202109_28,867371.0,59868.0,1,13,37988.71593424701
