"visit_date","category","gender","counts","sales","sales_per_counts"
201801,간이주점,남성,7402,1376924531,186020.60672791136
201801,간이주점,여성,1064,155376360,146030.4135338346
201801,양식,남성,58297,1495741169,25657.25798926188
201801,양식,여성,71058,1446006969,20349.671662585493
201801,유흥주점,남성,13768,2799105875,203305.1913858222
201801,유흥주점,여성,3394,359732710,105990.78078962876
201801,일식/수산물,남성,21070,1517064178,72001.14750830564
201801,일식/수산물,여성,14430,839057362,58146.73333333333
201801,제과/제빵/떡/케익,남성,53102,703155885,13241.608319837294
201801,제과/제빵/떡/케익,여성,70518,893995054,12677.544088034261
201801,중식,남성,24785,688489623,27778.47984668146
201801,중식,여성,13062,363698260,27843.9947940591
201801,커피/음료,남성,48400,491886397,10162.94208677686
201801,커피/음료,여성,58362,581955750,9971.484013570474
201801,한식,남성,417222,16773790324,40203.513534760874
201801,한식,여성,262456,9431218808,35934.47590453257
201802,간이주점,남성,6506,1233887300,189653.7503842607
201802,간이주점,여성,923,146909108,159164.7973997833
201802,양식,남성,51254,1295783654,25281.610293830727
201802,양식,여성,62448,1270088678,20338.340347168843
201802,유흥주점,남성,11545,2385840943,206655.77678648767
201802,유흥주점,여성,2958,311558151,105327.29918864097
201802,일식/수산물,남성,18943,1330359795,70229.6254553133
201802,일식/수산물,여성,13062,739543340,56617.92527943653
201802,제과/제빵/떡/케익,남성,45969,674010319,14662.27934042507
201802,제과/제빵/떡/케익,여성,61370,859965382,14012.7974906306
201802,중식,남성,20445,571292139,27942.87791636097
201802,중식,여성,10294,291994106,28365.46590246746
201802,커피/음료,남성,43053,437650900,10165.398462360346
201802,커피/음료,여성,51276,512379174,9992.573016615961
201802,한식,남성,349293,13880656388,39739.29162050199
201802,한식,여성,219736,7705505138,35067.1038792005
201803,간이주점,남성,7505,1405295570,187247.91072618254
201803,간이주점,여성,1068,161197350,150933.84831460673
201803,양식,남성,61683,1514087425,24546.267610200543
201803,양식,여성,76340,1483813325,19436.90496463191
201803,유흥주점,남성,12977,2785371134,214639.06403637203
201803,유흥주점,여성,3276,368145110,112376.4072039072
201803,일식/수산물,남성,22264,1563830914,70240.3392921308
201803,일식/수산물,여성,16356,940606522,57508.34690633407
201803,제과/제빵/떡/케익,남성,52034,695755251,13371.165987623477
201803,제과/제빵/떡/케익,여성,71335,910035083,12757.203098058457
201803,중식,남성,25015,657182158,26271.523405956425
201803,중식,여성,12807,345742590,26996.376200515344
201803,커피/음료,남성,50959,507756390,9964.017935987755
201803,커피/음료,여성,63325,615025585,9712.20821160679
201803,한식,남성,423626,16652198192,39308.72560230014
201803,한식,여성,271350,9639881760,35525.637589828635
201804,간이주점,남성,7596,1434441523,188841.6960242233
201804,간이주점,여성,1068,163150010,152762.18164794007
201804,양식,남성,65812,1573921633,23915.420181729776
201804,양식,여성,80686,1589399009,19698.572354559652
201804,유흥주점,남성,13411,2806760368,209287.92543434494
201804,유흥주점,여성,3541,375552400,106058.28861903417
201804,일식/수산물,남성,24594,1786858955,72654.26343823697
201804,일식/수산물,여성,17626,1097551990,62268.92034494497
201804,제과/제빵/떡/케익,남성,53950,719864879,13343.185894346618
201804,제과/제빵/떡/케익,여성,73878,944852872,12789.367227050001
201804,중식,남성,25073,673778990,26872.69134128345
201804,중식,여성,13556,363835161,26839.418781351433
201804,커피/음료,남성,54582,542504950,9939.264775933458
201804,커피/음료,여성,67859,652864555,9620.898554355355
201804,한식,남성,436283,17814053445,40831.41778386964
201804,한식,여성,286432,10707527252,37382.44069098425
201805,간이주점,남성,7795,1467958910,188320.57857601027
201805,간이주점,여성,1067,155037800,145302.5304592315
201805,양식,남성,69545,1686042760,24243.91056150694
201805,양식,여성,83271,1674767893,20112.258685496752
201805,유흥주점,남성,12945,2612716807,201832.12105059868
201805,유흥주점,여성,3463,376345410,108676.12185965925
201805,일식/수산물,남성,25612,1789523124,69870.49523660784
201805,일식/수산물,여성,17923,1084638800,60516.587624839594
201805,제과/제빵/떡/케익,남성,54427,737126822,13543.403494589083
201805,제과/제빵/떡/케익,여성,74225,966257076,13017.94646008757
201805,중식,남성,25740,699923688,27192.06247086247
201805,중식,여성,13813,383792568,27784.881488452906
201805,커피/음료,남성,56579,556007175,9827.094416656357
201805,커피/음료,여성,67773,649939442,9589.946468357606
201805,한식,남성,448489,18155046136,40480.47139617694
201805,한식,여성,292138,10641061370,36424.7765439621
201806,간이주점,남성,6882,1311666618,190593.81255448997
201806,간이주점,여성,987,149550430,151520.19250253294
201806,양식,남성,70868,1669716412,23560.935993678388
201806,양식,여성,87042,1692761555,19447.640851542932
201806,유흥주점,남성,12103,2454210497,202777.03850285054
201806,유흥주점,여성,3293,346470900,105214.36380200426
201806,일식/수산물,남성,26075,1758720956,67448.55056567593
201806,일식/수산물,여성,18194,1050316272,57728.71671979773
201806,제과/제빵/떡/케익,남성,52422,682335576,13016.206478196178
201806,제과/제빵/떡/케익,여성,72598,904895895,12464.474159067742
201806,중식,남성,25818,690346010,26738.94221086064
201806,중식,여성,13815,375492990,27180.093376764387
201806,커피/음료,남성,58332,567276912,9724.969347870809
201806,커피/음료,여성,69991,675765462,9655.033675758312
201806,한식,남성,445171,17504370383,39320.55408595798
201806,한식,여성,299812,10639146886,35486.060884821156
201807,간이주점,남성,6826,1290627214,189075.18517433343
201807,간이주점,여성,1033,148794330,144040.97773475313
201807,양식,남성,78710,1860133313,23632.744416211408
201807,양식,여성,95471,1891491952,19812.21472489028
201807,유흥주점,남성,12550,2470893734,196883.9628685259
201807,유흥주점,여성,3336,335195400,100478.23741007195
201807,일식/수산물,남성,26465,1741831130,65816.4039297185
201807,일식/수산물,여성,18079,993802200,54969.976215498646
201807,제과/제빵/떡/케익,남성,52276,664946819,12719.925376845971
201807,제과/제빵/떡/케익,여성,71267,866156919,12153.68850940828
201807,중식,남성,27601,737256436,26711.221912249555
201807,중식,여성,14873,406210160,27311.918241108047
201807,커피/음료,남성,64434,656502840,10188.76431697551
201807,커피/음료,여성,76332,742345314,9725.217654456847
201807,한식,남성,465256,18254311630,39234.98381536186
201807,한식,여성,312765,11005936485,35189.15634741739
201808,간이주점,남성,6857,1261143977,183920.6616596179
201808,간이주점,여성,971,143587400,147875.798146241
201808,양식,남성,86794,2008212172,23137.684309975342
201808,양식,여성,100220,2016510128,20120.83544202754
201808,유흥주점,남성,12545,2447932642,195132.1356715823
201808,유흥주점,여성,3353,322565160,96201.95645690427
201808,일식/수산물,남성,27666,1868869850,67551.14038892504
201808,일식/수산물,여성,19070,1086543360,56976.57891976927
201808,제과/제빵/떡/케익,남성,56832,721858989,12701.62917018581
201808,제과/제빵/떡/케익,여성,76277,950916220,12466.617984451408
201808,중식,남성,29459,814950990,27663.90542788282
201808,중식,여성,15351,427116105,27823.340824701972
201808,커피/음료,남성,68473,683503860,9982.093087786427
201808,커피/음료,여성,79419,774741969,9755.12118007026
201808,한식,남성,499593,19664153244,39360.34580948892
201808,한식,여성,331624,11843010543,35712.16360396111
201809,간이주점,남성,7578,1432811398,189075.13829506465
201809,간이주점,여성,1068,165690340,155140.76779026218
201809,양식,남성,70160,1647435790,23481.12585518814
201809,양식,여성,84190,1664209478,19767.30583204656
201809,유흥주점,남성,12982,2709627197,208721.86080727162
201809,유흥주점,여성,3486,350504860,100546.4314400459
201809,일식/수산물,남성,23772,1625065780,68360.49890627629
201809,일식/수산물,여성,16398,934456165,56985.98396145872
201809,제과/제빵/떡/케익,남성,54658,763590225,13970.32868015661
201809,제과/제빵/떡/케익,여성,73333,975786300,13306.237301078641
201809,중식,남성,25775,703147936,27280.23030067895
201809,중식,여성,13320,369007340,27703.253753753754
201809,커피/음료,남성,57935,560129930,9668.247691378268
201809,커피/음료,여성,68549,641030182,9351.415512990707
201809,한식,남성,430881,17054559670,39580.672320199774
201809,한식,여성,282307,9944855608,35227.09535363983
201810,간이주점,남성,7078,1335525129,188686.79415089008
201810,간이주점,여성,1040,161265020,155062.51923076922
201810,양식,남성,66516,1538040876,23122.87082807144
201810,양식,여성,79239,1537109308,19398.393568823434
201810,유흥주점,남성,11989,2548603600,212578.4969555426
201810,유흥주점,여성,3165,371294930,117312.77409162717
201810,일식/수산물,남성,22545,1551209070,68805.01530272787
201810,일식/수산물,여성,16277,971887000,59709.22160103213
201810,제과/제빵/떡/케익,남성,52253,667071768,12766.190802441964
201810,제과/제빵/떡/케익,여성,70625,876267197,12407.323143362832
201810,중식,남성,26707,727600641,27243.817763133262
201810,중식,여성,14202,388266079,27338.83108012956
201810,커피/음료,남성,55055,513438030,9325.910998092817
201810,커피/음료,여성,66624,609801852,9152.885626801153
201810,한식,남성,434128,16993771621,39144.61085440239
201810,한식,여성,283549,10115412261,35674.30060060166
201811,간이주점,남성,7002,1319153198,188396.62924878605
201811,간이주점,여성,955,152352000,159530.89005235603
201811,양식,남성,59405,1392218291,23436.045635889233
201811,양식,여성,71018,1384537670,19495.58801993861
201811,유흥주점,남성,11819,2490023733,210679.73034943733
201811,유흥주점,여성,3171,355859660,112223.16619362978
201811,일식/수산물,남성,21776,1547885120,71082.16017634093
201811,일식/수산물,여성,15320,877935813,57306.51520887728
201811,제과/제빵/떡/케익,남성,51063,684740474,13409.718857098094
201811,제과/제빵/떡/케익,여성,70514,905161623,12836.6228408543
201811,중식,남성,25715,688952463,26791.851565234298
201811,중식,여성,13416,356264736,26555.212880143114
201811,커피/음료,남성,50827,462038250,9090.409624805714
201811,커피/음료,여성,61388,549384737,8949.383218218545
201811,한식,남성,416829,16343317606,39208.686550120074
201811,한식,여성,267937,9375079807,34989.86630066023
201812,간이주점,남성,8119,1577526022,194300.53233156793
201812,간이주점,여성,1085,179762700,165679.90783410138
201812,양식,남성,64154,1582311226,24664.264519749355
201812,양식,여성,74172,1501855331,20248.278744000432
201812,유흥주점,남성,13394,2807446123,209604.75757802
201812,유흥주점,여성,3466,406595500,117309.7230236584
201812,일식/수산물,남성,22229,1539407818,69252.22987988664
201812,일식/수산물,여성,15438,887729030,57502.85205337479
201812,제과/제빵/떡/케익,남성,54687,758488904,13869.638195549216
201812,제과/제빵/떡/케익,여성,72146,958682048,13288.083164693815
201812,중식,남성,26470,749821159,28327.20661125803
201812,중식,여성,13388,379112853,28317.36278757096
201812,커피/음료,남성,52251,512253460,9803.706340548506
201812,커피/음료,여성,61946,587855477,9489.805265876732
201812,한식,남성,431574,17360865383,40226.85653677006
201812,한식,여성,271818,9719459709,35757.23354965455
201901,간이주점,남성,7200,1365491075,189651.53819444444
201901,간이주점,여성,956,152885490,159922.06066945606
201901,양식,남성,66369,1579691328,23801.64426162817
201901,양식,여성,82308,1646374444,20002.60538465277
201901,유흥주점,남성,12330,2490661229,202000.099675588
201901,유흥주점,여성,3189,338597600,106176.73251803072
201901,일식/수산물,남성,21976,1458973076,66389.38278121587
201901,일식/수산물,여성,16150,876868548,54295.26613003096
201901,제과/제빵/떡/케익,남성,54088,722390310,13355.833271705369
201901,제과/제빵/떡/케익,여성,73235,938764124,12818.517430190483
201901,중식,남성,26784,745959752,27850.946535244922
201901,중식,여성,14200,404458653,28483.003732394365
201901,커피/음료,남성,53157,519867036,9779.841526045488
201901,커피/음료,여성,62901,599025684,9523.30939094768
201901,한식,남성,436916,17300107609,39595.958053721995
201901,한식,여성,286298,10149530441,35450.93029291158
201902,간이주점,남성,6572,1255463268,191032.14668289715
201902,간이주점,여성,877,135545210,154555.54161915623
201902,양식,남성,63075,1512325474,23976.622655568768
201902,양식,여성,77790,1575711083,20255.959416377427
201902,유흥주점,남성,11684,2257493906,193212.41920575144
201902,유흥주점,여성,3163,306678010,96957.95447360101
201902,일식/수산물,남성,20063,1365846594,68077.8843642526
201902,일식/수산물,여성,14577,794284834,54488.90951498937
201902,제과/제빵/떡/케익,남성,48967,703622078,14369.311536340801
201902,제과/제빵/떡/케익,여성,66371,918233992,13834.867517439845
201902,중식,남성,23901,680390525,28467.03171415422
201902,중식,여성,12451,363061215,29159.20126897438
201902,커피/음료,남성,51130,503219209,9841.955974965773
201902,커피/음료,여성,60492,590724676,9765.335515440058
201902,한식,남성,380067,15285751419,40218.57045994522
201902,한식,여성,250534,8938476970,35677.70031213328
201903,간이주점,남성,7201,1346103158,186932.809054298
201903,간이주점,여성,990,147644700,149136.0606060606
201903,양식,남성,69615,1565156091,22483.029390217627
201903,양식,여성,86275,1648423208,19106.6149869603
201903,유흥주점,남성,12219,2499055493,204522.09616171537
201903,유흥주점,여성,3351,343880250,102620.18800358102
201903,일식/수산물,남성,22172,1471281858,66357.65190330146
201903,일식/수산물,여성,16654,928424554,55747.841599615705
201903,제과/제빵/떡/케익,남성,54658,714201421,13066.731695268762
201903,제과/제빵/떡/케익,여성,75326,940209419,12481.8710538194
201903,중식,남성,28378,756733260,26666.194234970753
201903,중식,여성,14670,405177345,27619.4509202454
201903,커피/음료,남성,56767,539239304,9499.168601476209
201903,커피/음료,여성,69546,645532213,9282.089739165445
201903,한식,남성,436586,17036626666,39022.38428625746
201903,한식,여성,289057,10130440569,35046.515285912465
201904,간이주점,남성,6727,1262462213,187670.9102125762
201904,간이주점,여성,936,139632715,149180.25106837606
201904,양식,남성,71272,1575239968,22101.80671231339
201904,양식,여성,86023,1641213240,19078.77242132918
201904,유흥주점,남성,11436,2291402651,200367.4930919902
201904,유흥주점,여성,3171,334382700,105450.23651844844
201904,일식/수산물,남성,23143,1564818967,67615.2169986605
201904,일식/수산물,여성,16828,957620647,56906.38501307345
201904,제과/제빵/떡/케익,남성,52866,698248228,13207.888397079409
201904,제과/제빵/떡/케익,여성,72749,914907580,12576.222078654002
201904,중식,남성,27444,729852154,26594.233858038187
201904,중식,여성,14007,387114314,27637.2038266581
201904,커피/음료,남성,60159,570210736,9478.394521185524
201904,커피/음료,여성,72682,668618217,9199.227002559093
201904,한식,남성,431238,16989752462,39397.62372981973
201904,한식,여성,285520,10188178965,35682.89074320538
201905,간이주점,남성,6753,1252197611,185428.3445875907
201905,간이주점,여성,943,141629130,150189.95758218452
201905,양식,남성,82301,1834347250,22288.274140046902
201905,양식,여성,95301,1814171463,19036.22693361035
201905,유흥주점,남성,11460,2303181272,200975.67818499127
201905,유흥주점,여성,3119,308722820,98981.34658544406
201905,일식/수산물,남성,27859,1717341531,61644.047919882265
201905,일식/수산물,여성,19633,1009319024,51409.31207660572
201905,제과/제빵/떡/케익,남성,54395,702427916,12913.464766982259
201905,제과/제빵/떡/케익,여성,73610,925955102,12579.202581171037
201905,중식,남성,29835,799830574,26808.46569465393
201905,중식,여성,15436,430131750,27865.49300336875
201905,커피/음료,남성,64195,599809169,9343.54963782226
201905,커피/음료,여성,76227,693982759,9104.159405460008
201905,한식,남성,460047,18007223358,39142.138429334394
201905,한식,여성,302510,10707453957,35395.371911672344
201906,간이주점,남성,6564,1227989149,187079.39503351614
201906,간이주점,여성,976,142649300,146157.06967213115
201906,양식,남성,82454,1825925770,22144.780968782594
201906,양식,여성,97451,1874165098,19231.87138151481
201906,유흥주점,남성,11076,2208145725,199363.10265438785
201906,유흥주점,여성,3084,306680360,99442.39948119325
201906,일식/수산물,남성,27820,1698544433,61054.7962976276
201906,일식/수산물,여성,19830,1019788054,51426.5281896117
201906,제과/제빵/떡/케익,남성,52931,666269420,12587.508643328107
201906,제과/제빵/떡/케익,여성,71760,884925305,12331.735019509477
201906,중식,남성,29715,774837595,26075.63839811543
201906,중식,여성,15809,420025248,26568.742361945726
201906,커피/음료,남성,63535,597627782,9406.276571968207
201906,커피/음료,여성,76081,695538067,9142.073145726265
201906,한식,남성,452412,17618352474,38943.15905413649
201906,한식,여성,300866,10519523625,34964.14890682231
201907,간이주점,남성,6313,1174217030,185999.84634880404
201907,간이주점,여성,905,142227700,157157.67955801106
201907,양식,남성,90858,1973338334,21718.92771137379
201907,양식,여성,106812,2041262569,19110.798121933865
201907,유흥주점,남성,11755,2253201054,191680.2257762654
201907,유흥주점,여성,3064,305963680,99857.59791122716
201907,일식/수산물,남성,27603,1597720993,57882.15023729305
201907,일식/수산물,여성,19611,942967900,48083.62143694865
201907,제과/제빵/떡/케익,남성,52588,651082084,12380.810907431352
201907,제과/제빵/떡/케익,여성,71774,858244798,11957.600217348901
201907,중식,남성,31969,848735222,26548.69473552504
201907,중식,여성,16992,458696560,26994.85404896422
201907,커피/음료,남성,67825,648028014,9554.412296350903
201907,커피/음료,여성,78857,742428819,9414.875267889978
201907,한식,남성,472150,17971329609,38062.754652123265
201907,한식,여성,317591,10838878116,34128.417102499756
201908,간이주점,남성,6450,1205649547,186922.4103875969
201908,간이주점,여성,909,129774400,142766.11661166116
201908,양식,남성,104629,2270221238,21697.820279272477
201908,양식,여성,120806,2361676983,19549.33515719418
201908,유흥주점,남성,12084,2225804994,184194.38877855014
201908,유흥주점,여성,3190,319806150,100252.71159874609
201908,일식/수산물,남성,30381,1843000590,60662.93374148316
201908,일식/수산물,여성,21395,1088134720,50859.29983641038
201908,제과/제빵/떡/케익,남성,57665,730682289,12671.15735714905
201908,제과/제빵/떡/케익,여성,77599,945986309,12190.702315751492
201908,중식,남성,33123,876272313,26455.101077800922
201908,중식,여성,18400,498800075,27108.699728260868
201908,커피/음료,남성,75239,731912267,9727.830872286979
201908,커피/음료,여성,87229,838035840,9607.307661442868
201908,한식,남성,516469,20147720982,39010.513664905346
201908,한식,여성,349618,12356545552,35342.99021217443
201909,간이주점,남성,6536,1198017394,183295.19492044064
201909,간이주점,여성,906,135160210,149183.45474613688
201909,양식,남성,77535,1651714967,21302.83055394338
201909,양식,여성,92566,1753522383,18943.482304517856
201909,유흥주점,남성,11966,2358320216,197085.09242854756
201909,유흥주점,여성,3190,332154400,104123.63636363637
201909,일식/수산물,남성,22233,1315960510,59189.51603472316
201909,일식/수산물,여성,15974,810202130,50720.053211468636
201909,제과/제빵/떡/케익,남성,52230,732870704,14031.604518475971
201909,제과/제빵/떡/케익,여성,71358,954201717,13372.035609181872
201909,중식,남성,27334,717858544,26262.47691519719
201909,중식,여성,14708,387979680,26378.819689964646
201909,커피/음료,남성,60791,555141101,9131.961984504285
201909,커피/음료,여성,70254,636067632,9053.827995558971
201909,한식,남성,414002,15859038430,38306.6710547292
201909,한식,여성,274466,9516224306,34671.77831133911
201910,간이주점,남성,6620,1221087422,184454.29335347432
201910,간이주점,여성,983,146864900,149404.78128179043
201910,양식,남성,81497,1671690623,20512.29644035977
201910,양식,여성,98946,1821032475,18404.306136680614
201910,유흥주점,남성,11478,2312801939,201498.68783760237
201910,유흥주점,여성,3170,345802951,109086.10441640379
201910,일식/수산물,남성,23408,1515254991,64732.356074846204
201910,일식/수산물,여성,17201,946367730,55018.180919713974
201910,제과/제빵/떡/케익,남성,55085,709190840,12874.481982390851
201910,제과/제빵/떡/케익,여성,75706,947743876,12518.741922700974
201910,중식,남성,30474,770168315,25272.96433024874
201910,중식,여성,16821,435543350,25892.833363058082
201910,커피/음료,남성,64713,584467588,9031.687419838363
201910,커피/음료,여성,76892,680012230,8843.731857670498
201910,한식,남성,469839,17754686997,37788.87448040712
201910,한식,여성,317449,11058455765,34835.377540959336
201911,간이주점,남성,6514,1221409810,187505.34387473133
201911,간이주점,여성,988,162510740,164484.55465587045
201911,양식,남성,73346,1537355694,20960.32086276007
201911,양식,여성,88563,1620297371,18295.421011031696
201911,유흥주점,남성,11688,2385432430,204092.43925393565
201911,유흥주점,여성,3141,342453122,109026.78191658708
201911,일식/수산물,남성,21793,1513164961,69433.53191391731
201911,일식/수산물,여성,15287,880755951,57614.70209982338
201911,제과/제빵/떡/케익,남성,52674,705861657,13400.5706230778
201911,제과/제빵/떡/케익,여성,72294,940454092,13008.743353528647
201911,중식,남성,29502,757892771,25689.538709240052
201911,중식,여성,15594,400191822,25663.192381685265
201911,커피/음료,남성,59857,533009602,8904.716273785856
201911,커피/음료,여성,69797,621274825,8901.168030144561
201911,한식,남성,448280,17166263501,38293.618945748196
201911,한식,여성,296152,10252554207,34619.230013641645
201912,간이주점,남성,6832,1277485496,186985.5819672131
201912,간이주점,여성,1019,164325280,161261.3150147203
201912,양식,남성,75741,1672382139,22080.275399057315
201912,양식,여성,90348,1754367695,19417.89187364413
201912,유흥주점,남성,12562,2469911570,196617.70179907657
201912,유흥주점,여성,3377,365599130,108261.51317737637
201912,일식/수산물,남성,21875,1483408030,67812.93851428572
201912,일식/수산물,여성,15536,869789769,55985.43827239959
201912,제과/제빵/떡/케익,남성,55269,778304156,14082.11033309812
201912,제과/제빵/떡/케익,여성,74131,991318844,13372.527606534379
201912,중식,남성,30550,825205469,27011.63564648118
201912,중식,여성,16315,446209965,27349.676064970885
201912,커피/음료,남성,58316,539734373,9255.339409424514
201912,커피/음료,여성,67324,622368154,9244.372794248708
201912,한식,남성,456102,17832680954,39098.01087037549
201912,한식,여성,298458,10489267951,35144.87114099806
202001,간이주점,남성,6507,1200473720,184489.58352543414
202001,간이주점,여성,902,135417020,150129.73392461197
202001,양식,남성,74296,1670357801,22482.47282491655
202001,양식,여성,91509,1806703384,19743.45019615557
202001,유흥주점,남성,11632,2357966514,202713.76495873454
202001,유흥주점,여성,3130,335285082,107119.83450479234
202001,일식/수산물,남성,20683,1384716650,66949.5068413673
202001,일식/수산물,여성,14507,801905980,55277.17515682084
202001,제과/제빵/떡/케익,남성,47210,717288261,15193.566214785003
202001,제과/제빵/떡/케익,여성,64537,934208424,14475.547732308598
202001,중식,남성,29588,818066654,27648.595849668785
202001,중식,여성,16315,458146599,28081.31161507815
202001,커피/음료,남성,65803,608066075,9240.70445116484
202001,커피/음료,여성,75951,702844065,9253.914563336888
202001,한식,남성,410535,16384023623,39908.95690501419
202001,한식,여성,266742,9570628215,35879.71978541062
202002,간이주점,남성,5579,1031248058,184844.60620182828
202002,간이주점,여성,786,113771740,144747.76081424937
202002,양식,남성,58117,1250619518,21518.996472632793
202002,양식,여성,66612,1257725662,18881.367651474207
202002,유흥주점,남성,9236,1920951922,207985.2665656128
202002,유흥주점,여성,2357,260593127,110561.36062791685
202002,일식/수산물,남성,16186,984903121,60849.07457061658
202002,일식/수산물,여성,10468,515826020,49276.463507833396
202002,제과/제빵/떡/케익,남성,40954,544867913,13304.388167211993
202002,제과/제빵/떡/케익,여성,55641,711755630,12791.927355726892
202002,중식,남성,26356,680083240,25803.735012900288
202002,중식,여성,13454,356741790,26515.6674594916
202002,커피/음료,남성,55862,486202447,8703.634796462711
202002,커피/음료,여성,61727,548056697,8878.7191504528
202002,한식,남성,343667,12796199870,37234.29910349262
202002,한식,여성,201686,6729689326,33367.16145890146
202003,간이주점,남성,5412,984278180,181869.58240946045
202003,간이주점,여성,774,115017620,148601.57622739018
202003,양식,남성,60289,1285781339,21326.964106221698
202003,양식,여성,68472,1244434441,18174.355079448535
202003,유흥주점,남성,8868,1848137356,208405.2047812359
202003,유흥주점,여성,2101,248103475,118088.2793907663
202003,일식/수산물,남성,16392,941478910,57435.267813567596
202003,일식/수산물,여성,10667,499131020,46792.070872785225
202003,제과/제빵/떡/케익,남성,45426,588234076,12949.281820983577
202003,제과/제빵/떡/케익,여성,59987,739236255,12323.274292763432
202003,중식,남성,27750,712790010,25686.126486486486
202003,중식,여성,13993,363783078,25997.504323590365
202003,커피/음료,남성,61115,510507355,8353.22514930868
202003,커피/음료,여성,64902,545333057,8402.40758374164
202003,한식,남성,349724,12685857155,36273.91072674452
202003,한식,여성,199742,6407741807,32080.092354136836
202004,간이주점,남성,5600,1034730614,184773.32392857142
202004,간이주점,여성,727,112192210,154322.15955983495
202004,양식,남성,63112,1313594230,20813.699930282673
202004,양식,여성,75261,1403569398,18649.358871128472
202004,유흥주점,남성,8672,1823332418,210255.122001845
202004,유흥주점,여성,2238,266150667,118923.4436997319
202004,일식/수산물,남성,18352,1084792067,59110.29135789015
202004,일식/수산물,여성,12463,604225800,48481.56944555885
202004,제과/제빵/떡/케익,남성,43421,577258655,13294.457866009534
202004,제과/제빵/떡/케익,여성,63707,807375616,12673.263785769224
202004,중식,남성,28666,738636353,25766.983639154398
202004,중식,여성,16396,436010429,26592.487740912416
202004,커피/음료,남성,64942,532856051,8205.106879985218
202004,커피/음료,여성,71239,597744856,8390.696893555496
202004,한식,남성,357557,13136053855,36738.34900449439
202004,한식,여성,216529,7153987038,33039.394436772905
202005,간이주점,남성,5865,1050106515,179046.29411764705
202005,간이주점,여성,813,126092725,155095.60270602707
202005,양식,남성,85138,1846444155,21687.661854870916
202005,양식,여성,92226,1758099863,19062.9525621842
202005,유흥주점,남성,9105,1891949285,207792.34321801207
202005,유흥주점,여성,2239,279466711,124817.6467172845
202005,일식/수산물,남성,24870,1554159261,62491.32533172497
202005,일식/수산물,여성,15969,827908220,51844.71288120734
202005,제과/제빵/떡/케익,남성,52865,708234572,13397.04099120401
202005,제과/제빵/떡/케익,여성,65657,862156650,13131.222108838358
202005,중식,남성,35056,906456402,25857.38253080785
202005,중식,여성,17661,468926736,26551.539323934092
202005,커피/음료,남성,80892,695050033,8592.321032982249
202005,커피/음료,여성,82419,706740503,8574.970613572114
202005,한식,남성,451230,17245147244,38218.086660904635
202005,한식,여성,259165,9117163751,35178.993116354446
202006,간이주점,남성,5444,973576333,178834.74155033063
202006,간이주점,여성,795,127678960,160602.46540880503
202006,양식,남성,82053,1761004834,21461.797057999098
202006,양식,여성,92435,1759696389,19037.12218315573
202006,유흥주점,남성,8558,1823619661,213089.46728207526
202006,유흥주점,여성,2017,247763230,122837.49628160635
202006,일식/수산물,남성,23818,1466267980,61561.33932320094
202006,일식/수산물,여성,15569,808530060,51932.04830111118
202006,제과/제빵/떡/케익,남성,46675,604348857,12948.02050348152
202006,제과/제빵/떡/케익,여성,58911,742118617,12597.284327205445
202006,중식,남성,32267,814481979,25241.94932903586
202006,중식,여성,16251,412634777,25391.346809427112
202006,커피/음료,남성,79768,670223486,8402.159838531743
202006,커피/음료,여성,82108,703421576,8567.028499050031
202006,한식,남성,429298,16194239838,37722.6072285452
202006,한식,여성,256946,8882555652,34569.73703424066
202007,간이주점,남성,5677,1011636590,178199.15272150785
202007,간이주점,여성,790,124750420,157911.92405063292
202007,양식,남성,91390,2002325370,21909.67687930846
202007,양식,여성,107077,2077266065,19399.740980789524
202007,유흥주점,남성,8762,1892848128,216029.23168226433
202007,유흥주점,여성,1982,230677520,116386.23612512613
202007,일식/수산물,남성,24385,1530776314,62775.32556899734
202007,일식/수산물,여성,16904,867537580,51321.4375295788
202007,제과/제빵/떡/케익,남성,47102,635333203,13488.454906373403
202007,제과/제빵/떡/케익,여성,64246,826464530,12864.06204277309
202007,중식,남성,32567,832659100,25567.57146805048
202007,중식,여성,17398,451743050,25965.228761926657
202007,커피/음료,남성,80252,702477424,8753.394606987988
202007,커피/음료,여성,85328,766427702,8982.13601631352
202007,한식,남성,447367,17218116177,38487.67606238279
202007,한식,여성,284752,9975878663,35033.5683787998
202008,간이주점,남성,5536,983994600,177744.68930635837
202008,간이주점,여성,768,119535690,155645.4296875
202008,양식,남성,105505,2349172325,22265.98099616132
202008,양식,여성,118403,2364532263,19970.205678910163
202008,유흥주점,남성,8201,1677597450,204560.10852335082
202008,유흥주점,여성,1947,216151510,111017.72470467386
202008,일식/수산물,남성,26836,1796626326,66948.36510657326
202008,일식/수산물,여성,18403,1018656904,55352.76335380101
202008,제과/제빵/떡/케익,남성,49240,666590435,13537.579914703492
202008,제과/제빵/떡/케익,여성,65220,846836861,12984.31249616682
202008,중식,남성,35580,947792391,26638.347133220912
202008,중식,여성,19587,531076823,27113.739878490836
202008,커피/음료,남성,92497,829242859,8965.078424165107
202008,커피/음료,여성,96513,894083754,9263.868639457896
202008,한식,남성,486906,19177611308,39386.68101851281
202008,한식,여성,310493,11365580097,36604.947927972615
202009,간이주점,남성,4774,861030815,180358.36091328028
202009,간이주점,여성,629,94067540,149550.93799682034
202009,양식,남성,73636,1552464958,21082.961567711445
202009,양식,여성,82338,1525227699,18523.982839029366
202009,유흥주점,남성,6740,1477078936,219151.17744807122
202009,유흥주점,여성,1617,212897950,131662.30674087818
202009,일식/수산물,남성,19507,1179601488,60470.6765776388
202009,일식/수산물,여성,12807,636710111,49715.789099711095
202009,제과/제빵/떡/케익,남성,45358,623718705,13751.01867366286
202009,제과/제빵/떡/케익,여성,62083,814884900,13125.733292527746
202009,중식,남성,30503,778845575,25533.40900894994
202009,중식,여성,15997,407517687,25474.63193098706
202009,커피/음료,남성,68022,553989899,8144.2753667930965
202009,커피/음료,여성,70294,595666689,8473.933607420264
202009,한식,남성,379702,13927531249,36680.16299361078
202009,한식,여성,230114,7621495564,33120.52097655944
202010,간이주점,남성,4864,851823110,175128.10649671053
202010,간이주점,여성,672,91997208,136900.60714285713
202010,양식,남성,89711,2022540160,22545.063147217174
202010,양식,여성,104347,2045222391,19600.2030820244
202010,유흥주점,남성,7464,1592902558,213411.3823687031
202010,유흥주점,여성,1852,224363556,121146.62850971922
202010,일식/수산물,남성,22881,1588376808,69419.0292382326
202010,일식/수산물,여성,16285,940568385,57756.73226895917
202010,제과/제빵/떡/케익,남성,46545,648631212,13935.572284885595
202010,제과/제빵/떡/케익,여성,63862,854817682,13385.388525257587
202010,중식,남성,32451,836295109,25771.011956488244
202010,중식,여성,18034,469043911,26008.86719529777
202010,커피/음료,남성,77788,671908362,8637.686558338048
202010,커피/음료,여성,82774,727661411,8790.9417329113
202010,한식,남성,432963,16873392802,38971.90476322457
202010,한식,여성,277584,9959627164,35879.687460372355
202011,간이주점,남성,5307,969984500,182774.54305634068
202011,간이주점,여성,771,127904200,165893.90402075226
202011,양식,남성,78116,1731932109,22171.285127246658
202011,양식,여성,93671,1866821231,19929.553767975147
202011,유흥주점,남성,7882,1674910930,212498.21492007104
202011,유흥주점,여성,2007,256653915,127879.37967115098
202011,일식/수산물,남성,21303,1547615363,72647.76618316669
202011,일식/수산물,여성,14987,910198923,60732.56308800961
202011,제과/제빵/떡/케익,남성,44349,657051617,14815.477620690433
202011,제과/제빵/떡/케익,여성,60719,844831239,13913.787101236845
202011,중식,남성,30280,784087191,25894.5571664465
202011,중식,여성,15928,425312023,26702.161162732296
202011,커피/음료,남성,66070,576127799,8719.960632662327
202011,커피/음료,여성,71600,634022522,8855.063156424581
202011,한식,남성,412460,16560250882,40149.9560733162
202011,한식,여성,267845,9803459909,36601.24291661222
202012,간이주점,남성,2436,451084826,185174.394909688
202012,간이주점,여성,338,53101000,157103.55029585797
202012,양식,남성,51136,1088405802,21284.531484668336
202012,양식,여성,53712,999268342,18604.191651772417
202012,유흥주점,남성,3523,750739100,213096.5370422935
202012,유흥주점,여성,853,110709500,129788.3939038687
202012,일식/수산물,남성,14773,961263790,65068.96297299127
202012,일식/수산물,여성,9113,479889323,52659.86206518161
202012,제과/제빵/떡/케익,남성,42219,626836088,14847.25095336223
202012,제과/제빵/떡/케익,여성,54794,762301496,13912.13446727744
202012,중식,남성,25625,650227731,25374.74072195122
202012,중식,여성,12260,326623740,26641.414355628058
202012,커피/음료,남성,47432,391112598,8245.753879237645
202012,커피/음료,여성,46992,392590871,8354.41928413347
202012,한식,남성,302735,10838932121,35803.36637983715
202012,한식,여성,168337,5512172594,32744.866511818553
202101,간이주점,남성,2,1200000,600000.0
202101,양식,남성,51588,1041917538,20196.89730169807
202101,양식,여성,57441,1055344227,18372.664594975715
202101,유흥주점,남성,17,5690000,334705.8823529412
202101,유흥주점,여성,2,2000000,1000000.0
202101,일식/수산물,남성,14115,840633259,59556.02260007085
202101,일식/수산물,여성,8736,414709320,47471.304945054944
202101,제과/제빵/떡/케익,남성,44050,605472261,13745.113757094212
202101,제과/제빵/떡/케익,여성,56738,748411680,13190.66022771335
202101,중식,남성,28026,707202079,25233.785734674944
202101,중식,여성,14035,363783088,25919.707018168865
202101,커피/음료,남성,51719,420227882,8125.212823140432
202101,커피/음료,여성,50943,422722038,8297.941581767858
202101,한식,남성,298171,10297028539,34533.970570578625
202101,한식,여성,163646,5089432668,31100.25706708383
202102,간이주점,남성,972,178001000,183128.60082304527
202102,간이주점,여성,143,23038810,161110.55944055945
202102,양식,남성,67433,1426589699,21155.66115996619
202102,양식,여성,77153,1449498729,18787.328153150233
202102,유흥주점,남성,1399,311811200,222881.48677626875
202102,유흥주점,여성,303,45399100,149832.01320132014
202102,일식/수산물,남성,17090,1084872704,63479.97097717964
202102,일식/수산물,여성,11355,587748630,51761.217965653894
202102,제과/제빵/떡/케익,남성,43403,684518268,15771.220146072852
202102,제과/제빵/떡/케익,여성,57477,856247196,14897.214468396054
202102,중식,남성,26471,682330704,25776.536738317405
202102,중식,여성,13520,347024744,25667.510650887572
202102,커피/음료,남성,57178,479392420,8384.211060197978
202102,커피/음료,여성,57318,497012756,8671.14616699815
202102,한식,남성,328304,12092600792,36833.5469321117
202102,한식,여성,193286,6414650880,33187.35386939561
202103,간이주점,남성,3557,674434812,189607.76272139442
202103,간이주점,여성,494,78995100,159909.1093117409
202103,양식,남성,82131,1721686229,20962.684357916012
202103,양식,여성,97464,1811356683,18584.87937084462
202103,유흥주점,남성,5345,1182540225,221242.32460243217
202103,유흥주점,여성,1111,158430342,142601.56795679568
202103,일식/수산물,남성,20650,1306922570,63289.22857142857
202103,일식/수산물,여성,14564,773136210,53085.430513595165
202103,제과/제빵/떡/케익,남성,47602,689964821,14494.450254191
202103,제과/제빵/떡/케익,여성,64920,902521409,13902.054975354282
202103,중식,남성,31844,788788988,24770.41163170456
202103,중식,여성,16877,421504107,24975.06114830835
202103,커피/음료,남성,69928,621280721,8884.577293787896
202103,커피/음료,여성,71152,660830518,9287.588795817404
202103,한식,남성,406101,14938687855,36785.64656329337
202103,한식,여성,250835,8498488163,33880.790810692284
202104,간이주점,남성,4825,889468515,184345.80621761657
202104,간이주점,여성,671,105083900,156607.89865871833
202104,양식,남성,91112,1902636756,20882.394810782334
202104,양식,여성,110635,2095068730,18936.76259773128
202104,유흥주점,남성,7398,1602948260,216673.19005136524
202104,유흥주점,여성,1628,197495320,121311.62162162163
202104,일식/수산물,남성,23345,1530665147,65567.15129578068
202104,일식/수산물,여성,16935,942913630,55678.39563035134
202104,제과/제빵/떡/케익,남성,48455,725028989,14962.934454648643
202104,제과/제빵/떡/케익,여성,67922,974198699,14342.903610023262
202104,중식,남성,31226,769898708,24655.694229168002
202104,중식,여성,16832,418383191,24856.41581511407
202104,커피/음료,남성,75949,669516443,8815.342440321794
202104,커피/음료,여성,78807,725128473,9201.320606037534
202104,한식,남성,430430,16298682013,37866.04561252701
202104,한식,여성,279711,9882833623,35332.30235135551
202105,간이주점,남성,3301,583191718,176671.2262950621
202105,간이주점,여성,472,81344200,172339.40677966102
202105,양식,남성,96551,2061534951,21351.77213079098
202105,양식,여성,112797,2164600611,19190.232107236894
202105,유흥주점,남성,4406,966343100,219324.35315478893
202105,유흥주점,여성,989,130536478,131988.34984833165
202105,일식/수산물,남성,24431,1590183470,65088.75895378822
202105,일식/수산물,여성,17195,947032480,55076.03838325095
202105,제과/제빵/떡/케익,남성,49514,757220454,15293.057599870745
202105,제과/제빵/떡/케익,여성,67655,1009202012,14916.88732540093
202105,중식,남성,32629,817116144,25042.635201814337
202105,중식,여성,17616,446818745,25364.370174841053
202105,커피/음료,남성,75802,682050042,8997.784253713622
202105,커피/음료,여성,75689,703353310,9292.675421791806
202105,한식,남성,436042,16887700219,38729.52655707478
202105,한식,여성,277002,9994695201,36081.671616089414
202106,간이주점,남성,2241,405610500,180995.31459170012
202106,간이주점,여성,305,55220190,181049.80327868852
202106,양식,남성,97617,1887764087,19338.476771463986
202106,양식,여성,118803,2198145493,18502.440956878192
202106,유흥주점,남성,2607,592516900,227279.20981971614
202106,유흥주점,여성,548,78973640,144112.48175182482
202106,일식/수산물,남성,23063,1465378767,63538.08121233144
202106,일식/수산물,여성,17012,913347725,53688.43904302845
202106,제과/제빵/떡/케익,남성,46907,714067507,15223.047881979235
202106,제과/제빵/떡/케익,여성,66490,979956450,14738.403519326215
202106,중식,남성,30948,753347084,24342.35116970402
202106,중식,여성,16856,406360059,24107.7396179402
202106,커피/음료,남성,75636,631343484,8347.129462160876
202106,커피/음료,여성,79016,712613813,9018.601460463704
202106,한식,남성,406965,15337949929,37688.621697197545
202106,한식,여성,269252,9553233972,35480.64256532914
202107,간이주점,남성,1996,362720512,181723.70340681364
202107,간이주점,여성,275,41967300,152608.36363636365
202107,양식,남성,104780,2151665336,20535.076694025578
202107,양식,여성,120160,2244444555,18678.799558921437
202107,유흥주점,남성,3084,643854220,208772.4448767834
202107,유흥주점,여성,796,91194620,114566.1055276382
202107,일식/수산물,남성,23355,1468988210,62898.23207022051
202107,일식/수산물,여성,16197,832232932,51381.9183799469
202107,제과/제빵/떡/케익,남성,46845,710413914,15165.20256163945
202107,제과/제빵/떡/케익,여성,62814,906142772,14425.809087146177
202107,중식,남성,32484,809061746,24906.46921561384
202107,중식,여성,17248,428073414,24818.72762059369
202107,커피/음료,남성,80640,714296904,8857.848511904762
202107,커피/음료,여성,80851,753688955,9321.949697591866
202107,한식,남성,418813,16135826603,38527.520881634526
202107,한식,여성,260629,9319102392,35756.19901085451
202108,간이주점,남성,5,3770000,754000.0
202108,간이주점,여성,2,3300000,1650000.0
202108,양식,남성,105642,2088256337,19767.292715018648
202108,양식,여성,113284,2099865636,18536.29494015042
202108,유흥주점,남성,16,4830000,301875.0
202108,유흥주점,여성,2,2520000,1260000.0
202108,일식/수산물,남성,21496,1238290115,57605.60639188686
202108,일식/수산물,여성,14228,692667446,48683.402164745574
202108,제과/제빵/떡/케익,남성,49514,726767792,14678.02625520055
202108,제과/제빵/떡/케익,여성,62860,908447894,14451.92322621699
202108,중식,남성,32644,802697164,24589.42421271903
202108,중식,여성,16655,413576425,24831.96787751426
202108,커피/음료,남성,77926,673200448,8638.970921130303
202108,커피/음료,여성,72937,664461657,9110.07660035373
202108,한식,남성,401484,14669522203,36538.2486051748
202108,한식,여성,239788,8161718627,34037.227163160795
202109,간이주점,남성,521,90703525,174095.0575815739
202109,간이주점,여성,83,12747200,153580.72289156626
202109,양식,남성,96181,1925084682,20015.228392302015
202109,양식,여성,104333,1915248445,18357.07249863418
202109,유흥주점,남성,760,150823300,198451.7105263158
202109,유흥주점,여성,168,19338810,115111.96428571429
202109,일식/수산물,남성,19210,1138655816,59274.11847995836
202109,일식/수산물,여성,13279,674852010,50820.9963099631
202109,제과/제빵/떡/케익,남성,49815,819163304,16444.109284352104
202109,제과/제빵/떡/케익,여성,63671,1002060083,15738.092428264044
202109,중식,남성,30514,731709609,23979.472012846563
202109,중식,여성,15312,369660608,24141.889237199583
202109,커피/음료,남성,72167,609046836,8439.409092798647
202109,커피/음료,여성,67698,608313955,8985.700537682058
202109,한식,남성,365803,13227235165,36159.449662796644
202109,한식,여성,217147,7343088653,33816.2104611162
